SaleID,price
0,876.9228711544877
1,8789.76598339322
2,9692.1827836803
3,10241.337889467963
4,6230.016656869156
5,15894.138733385516
6,1355.46218313401
7,10022.03950606508
8,1501.2802195443833
9,3289.2932291535844
10,8570.392294987732
11,623.2214762594399
12,12480.969095275928
13,2437.5015390114177
14,2105.702833476793
15,1041.8429379150848
16,4175.415775365803
17,532.5061935491261
18,705.4596743456808
19,1185.1072171268436
20,14874.00075976103
21,4187.9189131608555
22,1081.795972573362
23,2726.0739358059086
24,6741.430636886634
25,7720.733343040574
26,980.0638696640436
27,9456.535167568887
28,839.2865607275111
29,1471.796959867902
30,1564.0367518082746
31,516.2350844680328
32,3069.6928979579357
33,4235.453084009907
34,4178.0081925597015
35,4010.9068762532625
36,7403.578336880825
37,2303.4405243560805
38,1683.043204551098
39,2808.9192404631704
40,8552.560854293133
41,5993.926404100511
42,7808.467978242758
43,1146.975615706143
44,50.0
45,2245.087986800319
46,27117.221472567897
47,50.0
48,18571.88077154834
49,50.0
50,1906.4797713009557
51,9267.22462239324
52,534.7142916794636
53,5479.459005043907
54,1654.1784156619294
55,627.6917469853222
56,1934.548993756902
57,490.4778988269041
58,14812.197931237886
59,23140.093626318187
60,1991.8411832656757
61,6285.808075998795
62,972.347660564844
63,1835.094094008862
64,5847.972395461393
65,1512.1978979260027
66,16357.88398239191
67,50624.76844490487
68,2920.405034197961
69,50.0
70,1680.3007980230948
71,27145.809446133026
72,653.1152564266348
73,327.1590865382301
74,10163.610112232871
75,1267.635254677073
76,995.7049278267466
77,50.0
78,718.8264983286405
79,1243.6996751971678
80,764.4400207973806
81,11298.408007471651
82,50.0
83,5345.13746586408
84,6645.85230632178
85,17010.164201042797
86,14676.256794449044
87,5003.593410594715
88,50.0
89,4127.421818846668
90,12249.125257514037
91,21009.288634226108
92,2558.0122024873563
93,11775.667204415568
94,4381.728731250101
95,22340.692955609764
96,2503.7358662605834
97,2767.487085185535
98,50.0
99,5397.445615784911
100,1739.8937697934132
101,4923.0825798643455
102,780.3612838821318
103,709.7886904928685
104,27356.500357543966
105,5146.688867909024
106,3756.672582436931
107,3429.7066663806418
108,2723.921839100033
109,488.54154537085645
110,1464.5938146743476
111,2161.571380358471
112,1842.1302929667938
113,4051.170859417644
114,1782.6348057754644
115,4619.245257714006
116,908.810610594038
117,8095.30713140479
118,1362.4927576109972
119,4939.402512360261
120,345.65386885393264
121,1435.0499437767007
122,3257.199313285437
123,7285.993731330278
124,12407.851190422574
125,2013.3149139139155
126,3179.209315009977
127,7654.225585331312
128,32417.007958079466
129,2002.8769603471362
130,23352.879394605985
131,1472.0279183054965
132,1533.3077502569715
133,204.30333289976025
134,329.7362752724966
135,5857.294776776874
136,1170.4500461937664
137,2430.905169128896
138,8309.536845587452
139,9408.089352967521
140,3442.54352833142
141,936.7429168038134
142,878.6280833501106
143,3076.782934746273
144,1654.339427790126
145,2279.0711070805482
146,1725.8551527750885
147,15272.276883336825
148,17215.37509323587
149,1137.093630877671
150,5873.702296021035
151,1197.5072212721593
152,20878.173112755325
153,1679.6185161127705
154,50.0
155,2570.8651935883663
156,4076.2649960652257
157,791.5223983440511
158,4588.489011837719
159,5490.379853580238
160,50.0
161,15306.83522894546
162,15800.551121851839
163,2033.5572290963216
164,863.4277567630714
165,1366.2237151275415
166,9825.318882532383
167,27665.03082402067
168,2145.547021883153
169,851.0364454273853
170,50.0
171,1070.038101755299
172,1137.7855134987942
173,4794.43122450575
174,50.0
175,3306.9722024522234
176,1937.1000223932895
177,10796.015619388734
178,6537.263343175348
179,655.0152142959245
180,1285.8843548712384
181,525.5381629951592
182,11380.676900663311
183,4493.363148085683
184,50.0
185,7878.710307774909
186,6622.769707100221
187,1515.1049046492149
188,17239.818383904276
189,2512.5794764211173
190,50.0
191,50.0
192,7862.229976998731
193,1260.0862989751263
194,588.9496666746877
195,50.0
196,649.6245643316828
197,4297.612683096239
198,493.0633357696918
199,1410.5591704186597
200,2907.7750634268755
201,1683.2457066944557
202,600.3716021540931
203,50.0
204,496.592095326804
205,1561.0246740410473
206,7783.323523395361
207,4245.32241491536
208,50.0
209,3813.477627320385
210,18954.305182518176
211,1009.640070635442
212,6574.984680369814
213,1228.8261746045262
214,3129.1782615690686
215,475.5155256238511
216,2316.987037156626
217,4002.977851792276
218,2314.925661028842
219,935.1582797334224
220,3358.5244772885576
221,3670.096332001258
222,11463.042404985712
223,1487.5143681316563
224,454.35916403019297
225,17742.81939908782
226,2972.0270887132333
227,660.4785361384636
228,2721.9318849388346
229,1461.5861050238618
230,27778.038139578308
231,5186.085107768918
232,1186.2863833264987
233,50.0
234,5802.585839668855
235,1062.2687697984602
236,14971.128901614858
237,4182.112732311854
238,18897.088522162685
239,2136.00786391373
240,28111.709651003875
241,10345.218207231606
242,1622.954342970718
243,14372.152259414464
244,4223.319424649225
245,2526.149064852714
246,1378.8515050941887
247,15247.417524621676
248,4158.974948319991
249,540.7415068132165
250,866.2015950046207
251,1859.5299809557503
252,3934.5963312655467
253,50.0
254,9318.922645781626
255,3548.661597365157
256,2641.6157933546497
257,7489.944169924348
258,1371.8470520319242
259,7667.072300414079
260,373.28431097522827
261,7316.119901093826
262,8138.049722007239
263,6206.836456747569
264,7535.122473566933
265,50.0
266,4346.672848419096
267,8850.498484086362
268,4870.181876286571
269,5404.078142543976
270,599.4770880559544
271,10096.033946574222
272,19885.115845507487
273,11184.115097052894
274,2130.184786965292
275,386.8289905467043
276,4350.153821762504
277,504.3340062301175
278,1942.8213930843053
279,14037.173806165023
280,5976.599029742022
281,2340.5787201619787
282,4290.803977758732
283,6436.647887366468
284,280.9097396237852
285,2522.153888144805
286,2996.5227416894004
287,50.0
288,27719.59471703542
289,1453.0274419346422
290,7641.046457199691
291,4482.5014440011
292,8610.051372542068
293,6826.090001883944
294,199.16468420219232
295,1201.4928760122086
296,50.0
297,50.0
298,6033.518448714417
299,350.46375275459144
300,28201.793739281547
301,1104.5538750627743
302,20728.31647120258
303,50.0
304,32432.204814076063
305,9883.724614455097
306,6520.694464381661
307,50.0
308,285.2572557725792
309,12365.904952261713
310,9085.161773350153
311,948.4497566684034
312,50.0
313,24364.716715523373
314,561.3373821739629
315,3437.488486753106
316,50.0
317,20053.094359243772
318,2139.7995841418247
319,5026.103894259166
320,1180.896433202506
321,50.0
322,1671.574293435266
323,5547.548439804076
324,20469.44961175148
325,50.0
326,4595.100263685707
327,11194.346168259537
328,1782.3702986920441
329,3422.7388055657516
330,4665.746851054547
331,4139.742178141776
332,419.41072730501753
333,1465.9642605997335
334,50.0
335,50.0
336,4486.98680866801
337,2269.0906419241114
338,2098.8807901559385
339,1324.9702127942876
340,4003.1206559747834
341,15821.299210044928
342,1360.0235251090514
343,6688.210798966384
344,2111.4836240928757
345,6634.401146919288
346,1258.8591952665174
347,20011.793908550204
348,1480.1524290884884
349,3887.9925224607678
350,2944.6980401169067
351,3678.929844700935
352,21464.331228278923
353,1317.6455808659184
354,1112.8870007026803
355,2174.6363493274134
356,1715.945076718538
357,3596.127687426247
358,4645.436664995211
359,50.0
360,2607.5954396485054
361,152.4478621882012
362,4467.425740195158
363,1871.2979742688253
364,42538.40113744719
365,11696.889653225076
366,50.0
367,735.292822576599
368,8779.366539061915
369,50.0
370,1554.5316945518755
371,2269.253734284909
372,34671.158835130205
373,1381.522044425555
374,4009.003691378137
375,2681.3922257283502
376,859.166432639485
377,3448.448262716826
378,1909.7938354490295
379,50.0
380,3259.9956718983376
381,4288.319267367165
382,1681.322503981393
383,50.0
384,1318.2949199056668
385,2449.1434139651415
386,50.0
387,5938.986703805478
388,50.0
389,9409.009901631674
390,297.0221545554042
391,9894.358612463013
392,17350.108130915105
393,50.0
394,28473.40351983303
395,157.06585319191151
396,4817.822352952065
397,6314.486442895008
398,8194.283048992524
399,743.2150806362611
400,50.0
401,33399.666551469694
402,8867.529905207462
403,4745.488708245299
404,9464.078766973564
405,1670.584735986191
406,6003.862827571726
407,3635.2149619026122
408,1221.4245835227437
409,13838.18492669645
410,2297.6059564189954
411,398.2481984062362
412,2740.8423120666
413,2381.675325094349
414,1100.992099037339
415,2710.136939095705
416,10900.897026068584
417,1096.3776700462893
418,2660.525789709152
419,797.0345814252879
420,3050.977857416644
421,19295.80901363882
422,5481.8431628183125
423,9232.406496494676
424,801.1575769934987
425,1668.0376975013057
426,11673.427075228552
427,655.061762752676
428,1749.519175258432
429,1116.3520387597277
430,7495.617833220781
431,3029.1254826549743
432,619.1706305475124
433,4042.580151408308
434,5408.119668539373
435,6862.848015361173
436,21704.398089688806
437,8462.714551284067
438,18556.60821985281
439,362.8403232675231
440,1614.7983453616614
441,50.0
442,50.0
443,22379.47152456421
444,2616.7889469092147
445,3226.726535055161
446,33764.86744977021
447,1186.1793475534303
448,1197.9789662497906
449,5256.676748937857
450,12568.518254158154
451,13085.463568697376
452,2387.7352627422492
453,2200.035204490525
454,7028.523847568173
455,6336.335657334665
456,2011.6069681311433
457,50.0
458,9421.161037252297
459,14767.999773857367
460,50.0
461,1426.1824947957361
462,770.8311044806937
463,5150.1195854462085
464,5087.761861530606
465,1175.657729401922
466,644.3896027115475
467,50.0
468,1980.5038410520347
469,19108.42714563684
470,50.0
471,4020.7178782685373
472,52.59229030494463
473,8737.812116289617
474,58545.83594831609
475,50.0
476,51.28540909343722
477,10716.200073422531
478,19059.620421649077
479,2323.9621752057164
480,1710.2156758091276
481,14986.342858137856
482,3981.3674523811205
483,11126.504798190468
484,5291.552342193061
485,7710.46805115037
486,15124.496727961952
487,1488.2540824050361
488,2486.276849092591
489,2618.336270213847
490,16932.18812564205
491,742.1407614313476
492,2248.6755291429804
493,772.9981236688259
494,1585.0124845905257
495,15435.61854811702
496,977.159073178602
497,1733.1745551360323
498,7781.740759372342
499,961.1326596214294
500,25481.739403970965
501,3280.221891778938
502,798.4846959080952
503,1498.7944498959669
504,455.20738239040276
505,8617.632913505828
506,2171.872033016531
507,27287.008199312608
508,10634.441839288342
509,1448.2404409096628
510,9134.003798765618
511,776.7727525086464
512,19631.540603599242
513,50.0
514,18316.031324069132
515,2168.2415704866394
516,966.3935582160217
517,3120.7849213364516
518,1387.0692027232449
519,1701.303413425513
520,2002.805328217131
521,2364.860780272049
522,1040.0696566706645
523,890.1622638217493
524,3097.673211916334
525,8390.158712926488
526,12875.984084135884
527,4343.217900869637
528,15065.581900937976
529,835.9779053023872
530,28070.553121517787
531,511.8321805212257
532,5012.765753044124
533,7544.695153605962
534,2027.6732326405054
535,4936.97767359253
536,2060.9989228688687
537,3446.602286458571
538,13522.84710511088
539,11062.537508401425
540,2640.2648287128504
541,1022.2056598750103
542,1576.8679780629782
543,50.0
544,7642.990907047742
545,1743.566503310036
546,9726.443492578443
547,50.0
548,50.0
549,1800.2191619110367
550,4772.242099674098
551,5064.878695570499
552,493.5147379308403
553,182.6397357767735
554,1698.6654087200427
555,4772.622453510187
556,6052.668800328164
557,7967.739468225762
558,1391.706140498851
559,70.68601215894496
560,780.1645298101422
561,16345.597543522194
562,815.0744017577251
563,16101.86663818872
564,7358.251667061331
565,2321.174211185833
566,22908.297094008056
567,590.4020015067764
568,3264.8996606974306
569,1227.0024768774736
570,2453.3487605658315
571,1174.6050535336751
572,50.0
573,1872.0028315401817
574,2142.6668109888424
575,823.6348887007834
576,2325.1415550356905
577,342.4296444309058
578,1829.7661337083855
579,9212.145725582292
580,1787.0362005462887
581,11116.644991683943
582,2237.366961452713
583,13801.925940812062
584,4414.78981927148
585,2033.5766481143114
586,23556.71566922423
587,24330.789347784474
588,1694.5718453758752
589,4229.763457394864
590,2663.7304244510788
591,2412.714085145479
592,1322.373919317019
593,7512.445443194091
594,2573.4938656744152
595,824.0305024510584
596,11154.686707760484
597,18655.932934145745
598,4536.97782928969
599,637.7375560681603
600,18702.28097960911
601,11413.251227171879
602,8418.660685081204
603,1544.6162459707691
604,712.7203652135161
605,1959.8154400905514
606,9015.780590719662
607,8572.356742839487
608,5038.686738542619
609,1035.2440968270557
610,50.0
611,15857.358642649495
612,940.0939127166866
613,2144.394950177177
614,26416.93099724873
615,4143.601378390114
616,50.0
617,6877.78982874822
618,5805.190456037588
619,2086.2354308398976
620,804.8191882085599
621,1269.623152742148
622,2467.088935870822
623,1721.1688561545889
624,50.0
625,3582.3763091571345
626,1376.8796071238462
627,3227.3752114316612
628,6565.883346470301
629,9259.559082310854
630,8471.483832196835
631,2602.9439203922384
632,22107.74018474839
633,50.0
634,781.1807748812435
635,5025.621130929038
636,2585.7754858971934
637,22727.1625476102
638,1871.2549998349962
639,1669.0096006446038
640,846.6739014143785
641,8501.596706162318
642,50.0
643,804.1401086275923
644,11552.049751034037
645,10755.975366261615
646,8579.096806467813
647,9438.397857591975
648,10417.177024724659
649,493.83165758068714
650,3724.5446245235894
651,50.0
652,1456.8620658952461
653,1338.6200131736657
654,23034.728469156915
655,1829.7345298243376
656,50.0
657,3155.071301554026
658,50.0
659,10436.993358667125
660,3355.711188517126
661,50.0
662,11111.250173880691
663,283.42962647862225
664,1483.6922161604584
665,5261.011019613691
666,3342.7107976552425
667,50.0
668,775.2094816341672
669,23913.79912137442
670,257.71969664549886
671,1300.546200185957
672,14813.24613909285
673,1699.9343759839044
674,6433.326938635836
675,50.0
676,3595.6747442127253
677,19328.12478370928
678,25325.575216248682
679,1492.3865132268538
680,3326.9266159724043
681,2762.255091274046
682,1879.7768155144827
683,221.26189495680796
684,5096.3504447153255
685,585.4423207612349
686,1619.065192007286
687,2329.5109877004606
688,925.6985796050197
689,1071.8815184032267
690,50.0
691,7148.316385731166
692,6047.124319654389
693,4495.498409268089
694,17787.73012851259
695,292.0463149624458
696,11988.12174807389
697,11494.24335926243
698,9368.403596249113
699,406.143883841342
700,646.2596609287999
701,868.6144530090212
702,4362.212861379661
703,2970.66805904094
704,8172.432683410742
705,10296.814918071677
706,1097.0727015226544
707,3007.1069187640032
708,3021.235971152195
709,2099.9134953714934
710,4125.896127622736
711,806.2841350354288
712,973.1311858675147
713,823.4526710377908
714,998.0441649646964
715,3302.8064398679307
716,4717.884531835827
717,830.3649385356383
718,8230.508872453242
719,13081.946733857554
720,1525.8267313497604
721,1561.1195133916628
722,2194.445666369385
723,2827.362041860521
724,7671.979393502546
725,13979.890152741946
726,5646.148082523296
727,1498.6114099864867
728,3802.906673216563
729,3039.535205598329
730,1919.8265446447067
731,50.0
732,3029.105790673809
733,2800.206507906557
734,457.59693845331384
735,1164.266256277362
736,8051.522338901489
737,2628.2432141058903
738,7911.615561231298
739,1013.7135656502536
740,1311.2945066544703
741,496.82117345061306
742,249.76662434356578
743,3191.1826675342395
744,1001.0021532814778
745,2699.0432107816164
746,362.1624013983004
747,2690.343302987375
748,992.5976339123271
749,25126.725481406804
750,839.1609384845684
751,12318.354865520281
752,6634.132336916831
753,4126.347022289576
754,50.0
755,6216.9555414075785
756,17885.709654145452
757,8782.224018420704
758,800.7933472243583
759,50.0
760,3268.2109068389027
761,7894.233927732564
762,3464.066935880785
763,1584.222405945924
764,2138.537935621155
765,4066.8652870750775
766,3171.8605991717054
767,7696.845820319125
768,3279.7102739526385
769,2491.9164037220226
770,2108.797890650698
771,4887.050481494094
772,8629.094553305173
773,2094.7767859847963
774,5704.086764441014
775,6951.650916215852
776,10820.856772961239
777,28090.194689601904
778,784.1339435129689
779,17618.97276024526
780,29402.37783546639
781,5185.610258775504
782,50.0
783,2551.309997265918
784,2850.671917075666
785,12808.602038927076
786,1440.711003598644
787,1968.645685431377
788,9077.031734740794
789,1657.219690537283
790,7374.876477357829
791,3897.1654013513717
792,6119.339752868658
793,1015.6250047239109
794,50.0
795,50.0
796,8287.479063768895
797,7634.8089451630685
798,1571.3371474227652
799,1736.1243596081904
800,2403.524318275691
801,6807.081236151759
802,3429.183082836683
803,9165.579148864588
804,4411.9671940380895
805,3713.359989737866
806,830.1416090012704
807,50.0
808,4289.179937412321
809,15146.345077256115
810,6032.8242489163285
811,292.1694123383122
812,518.6780664145622
813,7901.6827335151975
814,3063.9799962673337
815,1443.8972649081613
816,15370.93857650894
817,8337.197152924857
818,1044.1356644452487
819,4150.853059818661
820,384.28268034866585
821,2823.3152804302317
822,6881.056129659305
823,10036.12119857046
824,1298.8604777264447
825,872.9382794881761
826,4377.376101100547
827,4364.229049907822
828,15168.637560726816
829,1394.0095035118422
830,50.0
831,12817.026032533073
832,254.7315927083727
833,906.8890627552776
834,775.5934392379017
835,5763.330591337353
836,4778.5407788946895
837,18494.86260593292
838,1091.059498385921
839,1071.8752587917331
840,10929.52457682377
841,1338.5691739123263
842,280.49061685559536
843,50.0
844,10865.51391423664
845,738.9283025889048
846,2079.500717620344
847,50.0
848,6395.076026532507
849,2407.026236225313
850,3023.7945997864717
851,18597.950765692232
852,2008.1842270852223
853,3057.4194157009065
854,1407.834794320652
855,1961.8155094617946
856,703.7285910088702
857,3801.898353552206
858,50.0
859,2327.6471998162147
860,2434.268757707061
861,50.0
862,1820.8258025545674
863,7653.415888221463
864,47580.41757328396
865,21687.991086730246
866,17072.904685797836
867,11010.827961261144
868,2890.569539938398
869,2356.087772892386
870,7038.857447831414
871,13284.18436234687
872,687.0172564751357
873,2365.1302612381946
874,4560.702780839875
875,3592.0789007731373
876,9775.46431017208
877,3976.7475584705053
878,17140.884275103486
879,769.2740066495049
880,1242.624899044699
881,10006.033666738305
882,1405.6545077651635
883,1295.035835977474
884,6324.6502019220015
885,12129.444744469067
886,3859.3955910989603
887,21469.638528660475
888,8377.765805146122
889,3960.0729275829012
890,5788.674930434631
891,11169.440768022894
892,523.8867783078
893,8629.751414122753
894,2254.068087977391
895,427.60909445770466
896,50.0
897,738.4445138762659
898,16716.93231914872
899,12218.585396642293
900,2179.8937878821357
901,8575.789952117231
902,16612.036797056422
903,3857.2997222288145
904,1695.1025113906044
905,50.0
906,50.0
907,5981.373393892527
908,15500.392896685937
909,4768.026192606926
910,1323.6401629574138
911,495.7431168340768
912,4695.697692206642
913,7389.969587813044
914,17133.562142356877
915,16834.393284411733
916,1000.1130235146301
917,661.1550543255992
918,763.3743830797716
919,50.0
920,11185.750975306546
921,18119.62810182295
922,2081.536882966572
923,11187.328238021326
924,4185.380851358101
925,16351.165757048964
926,1100.1300324857398
927,1454.9994741974044
928,16941.798094679554
929,1768.046566949718
930,7685.540086982064
931,2478.2766338371553
932,1404.9615627483001
933,50.0
934,23533.85292962
935,3132.586069308741
936,7965.326684946478
937,50.0
938,1761.17265403285
939,5312.894690738867
940,13805.26263542848
941,2619.921854674961
942,15264.865677239102
943,50.0
944,853.858770819641
945,50.0
946,6521.630206197385
947,1208.1058104671886
948,18257.72407336069
949,7572.0274583258415
950,7163.886207980152
951,25930.420099894607
952,1733.7790313860137
953,2309.4121110566443
954,5417.0684529072005
955,4195.190332950968
956,1396.2663529549486
957,2009.8084831996182
958,1582.5981417435803
959,5136.750545682568
960,2796.405958429095
961,992.9936317683824
962,50.0
963,50.0
964,2723.0480780098997
965,3222.412007544055
966,18303.54162022141
967,1844.1967428195414
968,12205.559246250632
969,8442.614088189277
970,340.32958266477516
971,8827.851881451441
972,2843.8505500392203
973,50.0
974,658.531833508401
975,5855.441307358347
976,4013.152762222958
977,6080.733309323429
978,793.8755432155589
979,256.4542741227644
980,20207.764619794427
981,274.37759597372064
982,50.0
983,988.4654756224924
984,3048.0029581044114
985,50.0
986,50.0
987,3352.9569293965965
988,958.4865722238214
989,9270.536425012886
990,6070.333536549683
991,3059.1694369169513
992,35741.24299527645
993,4510.9466195016685
994,2364.8493096303696
995,2199.3572893375954
996,1087.1908392460482
997,4113.21740929592
998,764.6353690599113
999,1091.6817214124014
1000,466.57437486669215
1001,10282.88127283862
1002,8651.148128690007
1003,6946.930507479326
1004,1722.8847211002678
1005,9098.503407820368
1006,726.6814913934688
1007,9713.926449066059
1008,986.6827924571371
1009,9430.415274344352
1010,16082.543833626147
1011,9509.7151275853
1012,3759.780982344833
1013,1800.366229584933
1014,9314.278896220467
1015,50.0
1016,4147.385280388391
1017,2218.724307137134
1018,2425.008295859168
1019,678.2324221884157
1020,3183.0095841384386
1021,6569.2425648957515
1022,1394.6128999003488
1023,6344.153840276759
1024,1843.1158206427215
1025,664.8478744730476
1026,7985.032950254384
1027,10158.759827256388
1028,4200.880620283057
1029,21694.70570950727
1030,819.8807498016183
1031,1831.6925082619282
1032,2466.8134778623867
1033,14744.095171647818
1034,1893.9184291786416
1035,24993.11923094187
1036,443.88586987275414
1037,8261.127371027178
1038,7714.1027581818225
1039,7427.524820552775
1040,5657.381260129669
1041,2508.3589455989604
1042,3949.702216122437
1043,15705.277849312133
1044,6579.2469300475395
1045,869.5224335715978
1046,1694.3325829600901
1047,6914.0048949234
1048,50.0
1049,50.0
1050,1681.1465728825058
1051,15126.378704181692
1052,1144.5814045657194
1053,6263.361186674942
1054,8525.299119918463
1055,50.0
1056,14090.960388759977
1057,16460.025092171545
1058,50.0
1059,2310.9211187224682
1060,1528.3508351494338
1061,19146.441201729718
1062,26726.083106700935
1063,852.3046644776053
1064,649.6534274751649
1065,11318.810817848978
1066,3783.319953419529
1067,7604.72569345051
1068,26125.601829291085
1069,555.0293442267322
1070,1100.1053914411218
1071,42014.172205310984
1072,1697.5385812536076
1073,1352.9597533763936
1074,11876.123002142687
1075,1469.25083893001
1076,50.0
1077,2757.6635934230544
1078,14276.550140210837
1079,2701.2809311112874
1080,1654.6518170700233
1081,4249.462875095903
1082,17796.525844179625
1083,1159.059105831035
1084,50.0
1085,874.6738214443776
1086,3801.7817962500008
1087,16428.25877283405
1088,568.8470706703508
1089,8292.195323803906
1090,6252.653073452491
1091,2277.2842279036545
1092,8196.529978241695
1093,6303.077355014692
1094,4721.627870691081
1095,50.0
1096,13138.562290532518
1097,1190.8786469634497
1098,5829.724245835272
1099,1190.074071062502
1100,1050.6063497392822
1101,456.6238956187978
1102,50.0
1103,50.0
1104,17573.285329550014
1105,230.5918629584484
1106,3182.8990445068484
1107,3049.4476544852623
1108,50.0
1109,16841.744957548897
1110,634.0886549681817
1111,2115.8165817500653
1112,10189.443034502112
1113,5299.314756105399
1114,549.7840866521425
1115,740.1486273662618
1116,2485.0344213714243
1117,50.0
1118,1098.690941312073
1119,50.0
1120,6269.57429093925
1121,8096.416416459198
1122,2605.6305853916374
1123,50.0
1124,8418.477121657756
1125,499.11865834903404
1126,247.11784105563098
1127,1342.7131728219808
1128,1975.0882569195126
1129,5168.163050744507
1130,4047.110893825209
1131,16072.688061726752
1132,8509.093851527665
1133,607.1572413086974
1134,3128.1657837337575
1135,6482.430503595006
1136,793.9274896300232
1137,1987.743962506378
1138,1937.658171733954
1139,546.6470184934212
1140,45471.580293302206
1141,2916.4874980953327
1142,2439.7539531182797
1143,285.0413269157829
1144,2704.478931404788
1145,1802.3896159333221
1146,2408.057869826297
1147,50.0
1148,683.0629343822484
1149,829.392701255264
1150,1228.2607180259647
1151,9974.894614608042
1152,8589.58761220551
1153,2143.0355706152313
1154,2589.5132519574827
1155,4493.386693648852
1156,50.0
1157,50.0
1158,2773.1749026533494
1159,2920.4990858448286
1160,10929.221103610515
1161,327.62285960364665
1162,4730.755449539806
1163,2166.26478085617
1164,1394.5992455090131
1165,551.327183072442
1166,1071.1653141608786
1167,1549.2923229763833
1168,2688.28361739652
1169,6538.131546153459
1170,1265.007053968158
1171,9969.751624114248
1172,3453.0902367652648
1173,1318.5652107979354
1174,760.9630740308415
1175,572.4773708889065
1176,6635.518047157398
1177,4650.092815615611
1178,6136.9570526701555
1179,50.0
1180,3796.145117321719
1181,744.0062807920948
1182,672.2890245935633
1183,3684.3589103069244
1184,19467.56606221704
1185,3257.0466064278708
1186,3227.3880223574192
1187,5852.739653448547
1188,50.0
1189,7516.666315861936
1190,2812.881490867256
1191,1234.4721006338414
1192,3159.9704068260535
1193,3920.2321482570865
1194,540.4111587578094
1195,4747.226299813134
1196,16630.05469596731
1197,1938.7882655441363
1198,3134.3268406504967
1199,50.0
1200,2285.517902384237
1201,1399.4914310963081
1202,14107.778768925602
1203,2991.794901213561
1204,2249.6502581345608
1205,50.0
1206,3855.523255989081
1207,10619.267144189189
1208,50.0
1209,2215.9246521938144
1210,2250.577042985261
1211,13102.830182665995
1212,868.0065840541173
1213,1698.6095240837435
1214,5224.977651037006
1215,808.5729921726536
1216,4510.174866792176
1217,511.3456232069153
1218,29356.344121223727
1219,1711.2836494363257
1220,3059.231588676495
1221,17958.957111739695
1222,17091.063173752
1223,50.0
1224,5320.111976396573
1225,50.0
1226,2547.635743479666
1227,6946.950390011417
1228,1147.2791141864197
1229,586.1473201565207
1230,7409.104411961359
1231,21165.181373304575
1232,50.0
1233,13119.109513837117
1234,18218.008482533485
1235,1534.1862100378125
1236,15634.09915501025
1237,3185.759326739098
1238,3416.3905370996586
1239,857.4572004562442
1240,808.4896304135665
1241,1528.01226518814
1242,2174.5333697350557
1243,1766.2214796552607
1244,1997.1130185781753
1245,7063.431883924546
1246,3428.802313038428
1247,228.62950578110647
1248,652.0148858486641
1249,22318.236085867284
1250,50.0
1251,10907.84462972677
1252,5219.288891069774
1253,50.0
1254,1441.6979821549605
1255,5326.110180462411
1256,7296.537124265431
1257,50.0
1258,1623.1170466019555
1259,5064.952624680737
1260,6047.765701304767
1261,299.6174720456833
1262,1394.3016670421182
1263,3901.2545195892008
1264,5420.593961892559
1265,12008.801686986899
1266,853.606497916387
1267,17661.493475647992
1268,5094.544990231092
1269,2812.755168682112
1270,7845.475334042677
1271,5971.544900143922
1272,5145.306477290914
1273,17989.262937021485
1274,373.2317346237061
1275,3884.2534551842336
1276,8216.521608388935
1277,4045.6358252221103
1278,5730.855636620677
1279,4860.672363375071
1280,15006.983444856478
1281,1972.9539499119048
1282,13511.820802892022
1283,4266.032912580963
1284,20835.793640098535
1285,4117.100890703424
1286,50.0
1287,14818.924327421932
1288,1022.2167156581163
1289,12097.726719361273
1290,1136.827245438082
1291,8409.785013144494
1292,1957.0218318426937
1293,13322.225300080096
1294,9582.266937431696
1295,21462.187620695386
1296,50.0
1297,844.8871320690436
1298,5324.040691198517
1299,3099.765295878311
1300,50.0
1301,50.0
1302,1664.1198420029377
1303,308.9594118618242
1304,460.7406303437223
1305,573.8818267156337
1306,50.0
1307,843.728283597823
1308,50.0
1309,3853.4878788830038
1310,4550.888844473089
1311,7648.318173780204
1312,8721.337117124764
1313,4913.014659200813
1314,1696.9253633289945
1315,818.3671312523599
1316,1648.3346135848037
1317,50.0
1318,2658.164366633925
1319,18709.588602010714
1320,2611.4665842623476
1321,1600.4532657344628
1322,5765.175143899371
1323,41891.95095123159
1324,10580.62226142897
1325,3719.635755625535
1326,1230.6095311023628
1327,54.39916631113731
1328,21253.94309249304
1329,6611.19917545957
1330,705.0443615680934
1331,893.512711601919
1332,50.0
1333,50.0
1334,10742.417454449873
1335,37744.834658712105
1336,2457.3221707955563
1337,3736.3818664220853
1338,761.8797182464483
1339,785.030407645629
1340,53066.80033240621
1341,4009.3385086568824
1342,50.0
1343,50.0
1344,2071.206122571346
1345,946.6315704719239
1346,539.9374705906969
1347,2455.0917497410446
1348,366.84359272260514
1349,2781.6948601712793
1350,5739.174912540494
1351,2100.9833140421442
1352,1118.3976774315515
1353,964.1855544268594
1354,2528.4914886424704
1355,13366.55431408743
1356,1734.3300471861583
1357,6043.428084780461
1358,832.225974062422
1359,2135.433203080948
1360,50.0
1361,6155.229253935836
1362,50.0
1363,1511.5639647099638
1364,1288.4160940779975
1365,50.0
1366,1967.9419970063636
1367,20665.75639893187
1368,15191.61629775234
1369,10761.14587796859
1370,32056.480060093167
1371,550.1611326813438
1372,632.5680065021322
1373,1265.8329503702234
1374,3858.3159664029968
1375,4671.814548429484
1376,3577.848574584849
1377,82.13446517414162
1378,21031.12309246779
1379,5058.303470377031
1380,1051.1782511199908
1381,13871.468204696626
1382,804.9091161689862
1383,6984.916563493097
1384,742.9774253875235
1385,2343.597760442754
1386,748.2706553668904
1387,655.8328699104079
1388,6316.521849998931
1389,10394.761649196133
1390,4401.319947403107
1391,3158.460266584882
1392,658.3769265608403
1393,1928.0760845077693
1394,401.9325581779187
1395,1713.4785318325883
1396,50.0
1397,4892.49755362751
1398,3278.91602776603
1399,6225.300923338887
1400,9789.063129283884
1401,8029.13953036778
1402,9008.577666422168
1403,3845.409839305085
1404,522.6375349761715
1405,870.4761336762803
1406,3112.152914803657
1407,50.0
1408,4375.414369988714
1409,670.902598898228
1410,2734.9213157514023
1411,5391.2532076462085
1412,5387.511316242128
1413,7308.834124782549
1414,2018.557475484779
1415,50.0
1416,6812.117764249512
1417,4786.147177426031
1418,3431.9396811686793
1419,50.0
1420,5363.459569610938
1421,5616.096170893692
1422,7443.32447848737
1423,1806.9063219743605
1424,50.0
1425,5534.485175845786
1426,50.0
1427,3882.016978207792
1428,2701.412846206007
1429,2858.764172479598
1430,4457.172579399832
1431,1546.4313459449254
1432,5754.328326955137
1433,19512.885940379485
1434,3473.5814218167284
1435,771.4205045466168
1436,690.2306007120238
1437,1503.151401640329
1438,7715.757099929485
1439,737.3940060714481
1440,581.3227558318428
1441,50.0
1442,3517.888086509644
1443,705.7811955583053
1444,50.0
1445,1240.04106348062
1446,5634.414832721643
1447,2396.698725761204
1448,4449.447750779178
1449,50.0
1450,28002.460345951215
1451,4645.986024579391
1452,5036.751617646369
1453,6920.985907957894
1454,22526.11923456051
1455,3354.133253010607
1456,2519.4464034968846
1457,4420.187066219848
1458,50.0
1459,6260.621760821615
1460,27872.43663235879
1461,1732.3085947493778
1462,2487.5986532067113
1463,57641.51270893967
1464,1550.619969789286
1465,1030.3786921154774
1466,18598.267757300757
1467,284.86376791782527
1468,50.0
1469,45520.89965311402
1470,7247.895329188646
1471,10449.669162225202
1472,13179.874681607711
1473,933.2117665754621
1474,1227.617453850628
1475,5533.024277419332
1476,26774.060549460995
1477,1923.711151483704
1478,190.75547681901855
1479,2358.1479062075673
1480,10592.011678899451
1481,50.0
1482,2167.2476743933985
1483,5812.859192469714
1484,780.3295788213413
1485,14428.90648964491
1486,5715.8926222628215
1487,1178.5726862435856
1488,1661.775781386149
1489,1671.389290612889
1490,26447.26845098422
1491,1381.5323963916821
1492,50.0
1493,50.0
1494,1525.5819246032893
1495,411.875398815336
1496,7543.402670122044
1497,52099.509482477275
1498,931.0912586454184
1499,653.839135314364
1500,21042.8689603753
1501,774.1288473985064
1502,9665.712417371424
1503,1001.7528877662071
1504,4540.669466032007
1505,428.97786050704195
1506,4137.453501214837
1507,2678.064205281891
1508,18878.58077027771
1509,25310.874629712336
1510,6118.548030817392
1511,1298.8010215680922
1512,13180.467669093177
1513,14728.242093859039
1514,5936.066272343797
1515,4337.455820579963
1516,4280.776595610154
1517,340.03663938272956
1518,13983.487847070257
1519,1596.712762278613
1520,14021.37362092476
1521,1103.9113747920937
1522,3564.1277835130554
1523,8521.677280335833
1524,348.1508191508732
1525,1868.158570187058
1526,14175.193332102283
1527,3439.1194922309764
1528,3403.7049625423397
1529,807.3893278052187
1530,2304.1786350509565
1531,40537.90895027469
1532,2590.7992450640445
1533,371.6823299514795
1534,2757.819019905497
1535,640.9078176131427
1536,16490.773750049422
1537,381.21221733319754
1538,14734.643227942284
1539,9453.641711383378
1540,50.0
1541,1480.4087513405862
1542,4608.205179214238
1543,981.7329047030507
1544,450.9184335800078
1545,1737.847959167074
1546,50.0
1547,7686.814043881486
1548,871.5288785879303
1549,1857.8596229508896
1550,2885.9277231552014
1551,1625.105975577308
1552,15325.086534911376
1553,8530.917580223466
1554,10592.372766411163
1555,2415.482787238694
1556,952.5058354409243
1557,12130.208640163066
1558,9314.607015998356
1559,6820.15155011949
1560,12987.418932036195
1561,19491.351887071596
1562,833.6720119242149
1563,12956.146355096656
1564,1127.585821838077
1565,10255.012207337855
1566,18237.190650576424
1567,938.3059214394416
1568,2126.8243087715996
1569,50.0
1570,229.98959083841646
1571,14997.640786690657
1572,10890.32197862277
1573,1279.2376507685901
1574,3022.392468060193
1575,14755.055873199044
1576,1077.6797850879643
1577,4389.618148618595
1578,16242.44022296959
1579,504.23663850725575
1580,2359.393595715838
1581,1183.704481594087
1582,39798.10332686853
1583,1304.1352784089165
1584,31089.48522751027
1585,11412.171046528929
1586,873.8224511177608
1587,1230.9399580100965
1588,1985.0390089510306
1589,1121.5792293013164
1590,3939.0583926711683
1591,1923.2449713876304
1592,321.56545706612445
1593,50.0
1594,4993.644632146399
1595,2251.917567257182
1596,13492.633939793897
1597,9138.776504607378
1598,21706.15601169182
1599,6366.441853299671
1600,33638.561233026376
1601,9089.19551583428
1602,89.66749868460401
1603,3035.6951274428175
1604,50.0
1605,4360.7405651430045
1606,43679.56667477926
1607,23088.450945980436
1608,5297.912198878473
1609,6461.745861093179
1610,18175.546758345274
1611,2242.914495466984
1612,454.57618572891965
1613,13369.826433870365
1614,5461.325723184254
1615,17036.75041905668
1616,9464.192972118657
1617,4405.203324549944
1618,678.3925720371487
1619,50.0
1620,20074.965229034766
1621,1865.4341463929516
1622,5243.6981461275245
1623,1610.3565661059931
1624,1929.5774796614812
1625,40773.315562974494
1626,1389.1262136048945
1627,2291.8389757791483
1628,24270.3945724645
1629,1352.349917554529
1630,50.0
1631,1306.8863512203404
1632,903.4632125631979
1633,6779.114281618008
1634,832.0703145344107
1635,275.55580219486984
1636,1233.0074565440411
1637,4824.269857566189
1638,5840.7581609194385
1639,10401.87354641125
1640,1246.9251843576355
1641,1044.8250941429135
1642,1028.146176252797
1643,1291.401553533793
1644,779.6962137461262
1645,5748.960514798824
1646,17508.335554155416
1647,10526.131993092973
1648,435.42300768496665
1649,960.135033187468
1650,2977.9874342593325
1651,33660.81036644028
1652,50.0
1653,452.8361927379861
1654,7077.847237277034
1655,7826.482217352637
1656,1654.209495685409
1657,3098.1926741990446
1658,474.58818569374967
1659,2547.691124354642
1660,273.2367446063739
1661,748.8171029241711
1662,542.6905404976459
1663,3106.4605942150465
1664,6579.1881422501165
1665,50.0
1666,5276.5612422749855
1667,1200.7882056359488
1668,1682.3065694187171
1669,2146.5364651074105
1670,3008.8581971030126
1671,6765.148862265391
1672,4090.6384695767133
1673,2494.5190777812086
1674,12811.282828700527
1675,880.7508838844337
1676,8022.836122039982
1677,8099.907341019752
1678,4089.8872240642318
1679,2636.1922496773163
1680,11895.223835327122
1681,12773.792143988429
1682,11071.643909477589
1683,12683.545172561135
1684,7328.126585094605
1685,14888.183724459326
1686,1907.9844009081726
1687,1632.6886448487587
1688,3369.6320766685108
1689,3257.6349577861984
1690,15850.899747715499
1691,4466.275656311538
1692,882.0898715253877
1693,412.51957810116187
1694,5272.756151378279
1695,1889.2766347072125
1696,2455.128607925006
1697,1481.128859890884
1698,2002.2567271668263
1699,3056.4415580197865
1700,32644.97762321032
1701,1103.4171139452726
1702,4450.029641298878
1703,3575.223594362774
1704,50.0
1705,22685.337919262594
1706,3077.8155037636106
1707,1083.135496523839
1708,5006.551659185553
1709,1663.6947219615492
1710,50.0
1711,4512.897527366496
1712,1102.3799562813192
1713,5279.492357103839
1714,2156.933056389732
1715,1380.4278125377657
1716,3221.0332301872627
1717,997.0667953934873
1718,15788.74804515592
1719,18839.897474327478
1720,1229.4189075780384
1721,6260.242743501715
1722,2529.1360544285258
1723,1723.6899487887497
1724,1403.1561714227219
1725,2975.0313763594045
1726,387.1245273897833
1727,16033.15373099449
1728,11174.10535617066
1729,14965.554420352884
1730,1879.364210029375
1731,1609.3789712602309
1732,2054.3917745986737
1733,1476.5639915813347
1734,1535.6810845156904
1735,476.6964850757521
1736,2432.4254804779857
1737,12712.983619420758
1738,2252.9910267956293
1739,400.9809355067152
1740,949.6717919282944
1741,1787.6147940834935
1742,14899.63222734288
1743,4663.274524349716
1744,23171.472618873657
1745,2979.5610231853407
1746,1142.3290905964864
1747,2569.2282026555113
1748,1851.2257523214932
1749,50.0
1750,9017.015516997091
1751,12309.747662963022
1752,4030.4383469941
1753,6923.083989689944
1754,2520.522656233826
1755,808.696715692964
1756,50.0
1757,740.1980810148659
1758,7201.501512976517
1759,50.0
1760,2142.050153161021
1761,11938.087104130736
1762,1955.9591630715547
1763,891.2552004452002
1764,2802.568800304419
1765,2606.452114317118
1766,50.0
1767,206.51613670323124
1768,16511.088018670685
1769,1023.1118517805569
1770,7125.1510131273235
1771,50.0
1772,4031.0382487315637
1773,556.8807231568394
1774,1955.0995083632763
1775,35228.658736435296
1776,2311.866192617802
1777,2967.2672131567024
1778,1326.2573190679702
1779,1642.0957486161315
1780,343.854440284077
1781,1110.9412038007517
1782,50.0
1783,829.9286181532542
1784,1446.8803209738855
1785,27870.069148439048
1786,592.5154810266321
1787,2559.8660105843446
1788,2739.1214188206914
1789,2324.693441110986
1790,932.4137439641615
1791,9257.812079989955
1792,1305.6214340709248
1793,2564.6843736332685
1794,1287.2778473587325
1795,34369.08939152079
1796,2496.897348598754
1797,8020.452588088989
1798,1117.0165533260392
1799,1821.96645930451
1800,2744.5450842315877
1801,15378.94642422138
1802,32020.570379373585
1803,1062.50940487636
1804,1560.9331054584093
1805,409.2602338072986
1806,11633.299570399695
1807,1700.2206635993268
1808,4254.613478497625
1809,4085.10368761384
1810,7818.105892112607
1811,2272.015522295804
1812,839.7227964530465
1813,1367.3385749836727
1814,28634.58297822252
1815,971.3942865410224
1816,9218.822240171754
1817,809.5721813740124
1818,2692.973551105049
1819,1395.7224994060136
1820,21046.04305137884
1821,5332.914375239268
1822,27130.55647843602
1823,50.0
1824,9099.149818143624
1825,50.0
1826,14990.58655621189
1827,2300.160278062573
1828,4859.790746436401
1829,2720.724875479617
1830,1960.821854076132
1831,26296.553516812237
1832,503.94010950056895
1833,2977.3296176808276
1834,699.045883461234
1835,18924.790205285917
1836,50.0
1837,1453.3478402664653
1838,331.5184762908077
1839,22116.796916578034
1840,14388.494703974791
1841,1569.9127463849547
1842,20408.800536996398
1843,3072.010343756878
1844,4896.518771204698
1845,1569.6371775729701
1846,2728.6156670296523
1847,1399.6765816208313
1848,50.0
1849,13217.07379526064
1850,21403.77039249222
1851,1109.5030879701737
1852,12649.603940636962
1853,2270.082598261798
1854,50.0
1855,9913.451355997644
1856,692.9454270895347
1857,911.971305727094
1858,1260.6807280830792
1859,4187.20879773748
1860,6391.779790915929
1861,1332.2974247845825
1862,458.1561008414258
1863,2586.368148299907
1864,50.0
1865,9502.602170675338
1866,883.0148964181773
1867,5925.200927555277
1868,5752.129965461284
1869,1035.9636909597614
1870,1848.4984301260884
1871,36569.01813028197
1872,3039.967553960171
1873,13212.828204312938
1874,595.0210452106605
1875,17545.43975548305
1876,111.19018916164724
1877,2134.1321396494413
1878,6100.252679931788
1879,1142.0627925372864
1880,1429.6002137808605
1881,2012.3649106740856
1882,15920.580581804377
1883,7695.270288453428
1884,3220.3098738852796
1885,22501.972596733758
1886,2253.790038060199
1887,1479.1276611402611
1888,739.6681862523703
1889,50.0
1890,10915.21614744039
1891,17363.499764721437
1892,10266.56523757655
1893,840.348912664679
1894,5189.308506311092
1895,4477.855613129446
1896,15506.170528638833
1897,9744.155045627127
1898,22109.12131183954
1899,7053.181475924008
1900,11837.733969579398
1901,8852.750276058234
1902,4854.0047037981385
1903,16194.223255337172
1904,50.0
1905,2130.5360674769786
1906,1807.1897382298716
1907,50.0
1908,1699.7407150280885
1909,4142.112648716931
1910,1153.6580171143855
1911,15097.391678611511
1912,50.0
1913,880.0089567758657
1914,8395.251218844078
1915,392.1826072780881
1916,354.5416800041141
1917,7840.034091914778
1918,27839.750789076206
1919,5341.707216570171
1920,9024.871045227717
1921,5683.7648234333155
1922,1917.2446072526016
1923,8738.686654203722
1924,10789.079116326115
1925,2549.74685351873
1926,938.7650798281389
1927,2084.5800669650607
1928,741.7468184846609
1929,1704.8896813441563
1930,2023.237438577416
1931,5767.78391001498
1932,2007.4376458560725
1933,2218.9965880020504
1934,4015.983027223548
1935,1609.7238517535427
1936,50.0
1937,700.3830005627138
1938,1821.908282053922
1939,16985.65294109698
1940,6660.777410110437
1941,1103.889466248639
1942,2163.5450214719913
1943,50.0
1944,3244.722270322361
1945,9178.59151900247
1946,22368.19679213994
1947,12347.184817503634
1948,15676.137513828786
1949,569.2421102530315
1950,11364.054131158395
1951,24949.807840528367
1952,3244.1011460179375
1953,2559.934174613202
1954,2809.195887024614
1955,16046.874284519336
1956,1403.7156828853201
1957,976.2393058124657
1958,469.91692286281705
1959,21976.747586939302
1960,3974.394129625939
1961,11909.85166971635
1962,740.7792160498774
1963,4185.023321576127
1964,50.0
1965,17821.71751521667
1966,7288.866023527608
1967,564.6651866428796
1968,7458.828461386549
1969,10893.978718351134
1970,7065.5014264314905
1971,2699.2309674899675
1972,3060.8226243302925
1973,50.0
1974,2725.8537386604394
1975,3545.781338543859
1976,2537.2471284408152
1977,7277.040249579168
1978,5230.324016683665
1979,917.2761569877526
1980,1139.1115537083651
1981,3974.6421940069363
1982,1616.0717807039014
1983,1091.2386146196955
1984,539.2758235781223
1985,1893.2648762149076
1986,1496.8753092088812
1987,1129.2483824341718
1988,30427.592960976846
1989,3785.0369016651593
1990,696.7424394262863
1991,10163.768237628203
1992,1225.645308747196
1993,1800.2125864945983
1994,6114.613571027431
1995,24980.26579578712
1996,2875.7171019876623
1997,8876.541923067116
1998,3897.650078443013
1999,1410.5091989897167
2000,10941.099482578684
2001,50.0
2002,1481.4667616152794
2003,1392.4677468829268
2004,1347.8084406576534
2005,1757.3226385713363
2006,972.5813239820425
2007,2508.8176879799507
2008,5226.898648093449
2009,1218.275410256898
2010,4750.365074509034
2011,1420.303244648525
2012,2250.81975578309
2013,14796.516598730797
2014,500.7527427200795
2015,17039.46175052016
2016,6966.806823832096
2017,207.26728016747697
2018,69886.81515297489
2019,1658.772122127276
2020,50.0
2021,1476.3566272049472
2022,21110.666159603603
2023,1694.1189435269575
2024,1145.0566946126569
2025,1535.8846324500505
2026,2452.0720764999232
2027,1885.7510596961272
2028,1358.22203726882
2029,50.0
2030,1569.637394566438
2031,6662.947833086089
2032,50.0
2033,50.0
2034,2896.5390746445914
2035,1741.506732802917
2036,533.6063971089793
2037,1670.2049988363297
2038,9933.470625365888
2039,50.0
2040,1706.3371101568507
2041,15942.395105054191
2042,1972.0770483889273
2043,3180.3078514202966
2044,37748.64863627079
2045,1337.9534311971272
2046,2570.474727785287
2047,11674.677436335374
2048,1460.3506801503124
2049,8749.06598986967
2050,12016.677953276423
2051,50.0
2052,707.9627405364402
2053,11438.767420712476
2054,5957.3593634314475
2055,1137.1164560324207
2056,50.0
2057,580.8229660348142
2058,2252.4906120006203
2059,15322.395734846772
2060,760.2834869447411
2061,903.4133852288301
2062,3297.429429710524
2063,1538.3457900820495
2064,2390.0318386262193
2065,1291.325083523353
2066,3088.8934048486108
2067,529.2303137706039
2068,55.343593181179564
2069,1022.9059276151539
2070,1115.719123547246
2071,8389.047226782122
2072,15088.97820972642
2073,1823.7327798757747
2074,1551.891951525912
2075,5274.252863639101
2076,1299.4922411083037
2077,191.9060264111026
2078,1436.3988868926938
2079,2310.7787965893467
2080,2851.923038800873
2081,1888.487059978081
2082,4311.7350902466005
2083,3788.788150318848
2084,882.7561811451133
2085,50.0
2086,1179.3114884810436
2087,7204.301199551069
2088,1438.7341341757478
2089,1188.6154695833584
2090,1085.317007928834
2091,18043.153567162582
2092,50.0
2093,11174.756439173945
2094,2244.483657852462
2095,16728.66316235733
2096,19314.10151105947
2097,1481.1870115623944
2098,9303.37792784641
2099,3222.389550495331
2100,1240.5184866642
2101,594.660527456798
2102,691.8965611102253
2103,2963.543494184053
2104,3938.7387322583972
2105,8427.224001770306
2106,13849.195717891753
2107,388.25450602631196
2108,5686.018992971654
2109,7836.131116590361
2110,561.5884272598472
2111,2511.529872073008
2112,963.1145922019374
2113,821.3804574528065
2114,2633.9525042914033
2115,937.76779875225
2116,28014.645081088267
2117,579.4736970124343
2118,1232.1684466577408
2119,50.0
2120,10602.795143123956
2121,18412.597617385858
2122,1439.8228961417522
2123,50.0
2124,22306.651141915878
2125,35173.5967442249
2126,1087.2938274441472
2127,2854.668434604707
2128,1725.3642524777667
2129,8416.810265467406
2130,50.0
2131,3793.449645799512
2132,9001.622474780059
2133,5274.020998814505
2134,14573.19831722706
2135,16592.798265428122
2136,50.0
2137,18982.74682005605
2138,50.0
2139,6114.580233924138
2140,3751.3598345305354
2141,426.5215029946929
2142,3493.0569924054726
2143,41281.514393279256
2144,1109.0902196587183
2145,6630.462350334863
2146,50.0
2147,13036.46210268992
2148,4980.123275862106
2149,897.5675470888948
2150,1422.17039338956
2151,37216.04535566576
2152,5622.012453938636
2153,3229.457109807156
2154,418.16894867294053
2155,3593.004610821734
2156,765.8008513898615
2157,2838.8837509850514
2158,2157.6785123516856
2159,50.0
2160,1187.6499780789582
2161,8617.261924087128
2162,6931.580164150887
2163,52555.89344813063
2164,1247.4103055307028
2165,4305.059632324798
2166,3187.233203854788
2167,50.0
2168,9457.85151729204
2169,9085.219332514156
2170,50.0
2171,7338.194580728622
2172,11603.461454634938
2173,2111.460121738449
2174,1408.077028163489
2175,2882.851305271817
2176,9629.98161807735
2177,15284.739077064576
2178,21631.517232949922
2179,4672.48244174866
2180,4950.4716699104065
2181,1927.4819173064514
2182,23382.73525737776
2183,1833.4777546498362
2184,8021.3460180418415
2185,7196.051634612045
2186,1004.3213122189383
2187,6632.726182931984
2188,1985.6170593936392
2189,2368.133606443333
2190,1022.271125734158
2191,3666.4752582259252
2192,425.09817138331937
2193,9095.731948776132
2194,50.0
2195,735.8536442852569
2196,12694.265238683183
2197,979.712184523337
2198,4580.146843594629
2199,5815.550652402552
2200,21555.79975750274
2201,764.0223925269124
2202,8838.364726010841
2203,1311.4829909528032
2204,2009.8276580251447
2205,2113.8477459360693
2206,960.9896129030656
2207,13632.336965304934
2208,7440.551577950806
2209,989.0534045202577
2210,225.5426436817898
2211,3543.503790585463
2212,2820.7116636043943
2213,16919.139732383268
2214,2258.3719803494587
2215,619.0829709555452
2216,3655.6375749831586
2217,2262.3667959208133
2218,12424.357563252825
2219,2063.888758407227
2220,4203.4562296852055
2221,4825.437818955998
2222,9882.40230643359
2223,16335.980400087177
2224,2439.3055969149927
2225,50.0
2226,7689.549762619039
2227,6281.690970344488
2228,785.6269447239795
2229,8329.399940070503
2230,9853.211390703238
2231,6864.943919827979
2232,6356.351519350604
2233,505.336646900144
2234,2408.953677045156
2235,2829.1025639175414
2236,2770.188577037135
2237,850.2456203922254
2238,723.108993962859
2239,2789.472733001942
2240,43189.46031494501
2241,1832.074110337736
2242,16144.356735958983
2243,4220.574061044566
2244,1724.1384135931546
2245,7717.181786410134
2246,2576.063801395409
2247,2673.222127503124
2248,6688.860948352848
2249,610.641055128055
2250,2289.427552831274
2251,12726.026524689049
2252,6321.027707872441
2253,9531.141260294013
2254,3473.3503939783554
2255,17165.519872143537
2256,2151.799132470253
2257,4167.319658983401
2258,50.0
2259,913.6732904155931
2260,2333.942218259643
2261,4474.8609656797835
2262,5862.116958775332
2263,5734.583390138137
2264,23964.911783348416
2265,2025.5914559554235
2266,3070.8659511444835
2267,12769.196608620277
2268,50.0
2269,1473.807809169968
2270,4428.825798957946
2271,3521.838146479076
2272,4403.875630208745
2273,14167.497136833843
2274,1421.8109136380842
2275,853.9692892700223
2276,5241.262444761573
2277,2707.758224360731
2278,2336.629987817593
2279,16471.95630219626
2280,1918.8833663399298
2281,10171.518526786109
2282,12494.12704946647
2283,1846.664925013164
2284,1589.1707580874092
2285,884.9799113596761
2286,50.0
2287,1453.35104484513
2288,1473.9503015433706
2289,5611.601053881832
2290,4843.14823355483
2291,50.0
2292,1536.6819747934417
2293,858.8338543057807
2294,2000.9839779497095
2295,7658.201765207802
2296,5965.766795746127
2297,759.9325802203648
2298,9738.610737162533
2299,861.3137922611254
2300,2202.5399287718287
2301,1361.6426557667098
2302,1718.3937807316463
2303,1604.5761354329136
2304,8990.128923633247
2305,1600.5595309772475
2306,895.0237766951244
2307,7595.054003778709
2308,16946.255541444247
2309,636.8996382660436
2310,994.55235419286
2311,8145.685422835659
2312,966.0398490944967
2313,27772.292531784045
2314,3459.507578469717
2315,2257.753065017389
2316,6336.1748251365525
2317,660.4618961735393
2318,934.398067253526
2319,5659.160797754134
2320,50.0
2321,3322.228169218481
2322,2195.311332604273
2323,7947.126483438451
2324,10458.340046078876
2325,12765.738375826832
2326,8788.208987109507
2327,2716.8636139738787
2328,4709.413482981774
2329,19084.881004911123
2330,6119.98309882151
2331,728.4606334519243
2332,50.0
2333,1613.7007039540943
2334,12164.232974736398
2335,947.6474396021425
2336,9324.07951587536
2337,4013.623696101051
2338,3360.9914760369275
2339,612.1829792071954
2340,4263.853722040914
2341,57.99696580377053
2342,50.0
2343,29771.34372260632
2344,1894.4011254007148
2345,2953.7596212964404
2346,10183.720738351672
2347,7573.135346677669
2348,12304.294519165062
2349,1405.6526337041203
2350,3123.3082882215904
2351,228.96978823918215
2352,50.0
2353,17112.42947218052
2354,1612.8687853676265
2355,50.0
2356,6025.079339791445
2357,10707.028115172165
2358,4741.248265415238
2359,1505.5821956116313
2360,1517.4498635313553
2361,10324.020421660138
2362,3550.9507195648866
2363,926.5949203043148
2364,9919.404268339591
2365,618.0651207415895
2366,818.4108744372348
2367,1003.0236591950344
2368,12396.570767823267
2369,50.0
2370,3015.2412579757965
2371,454.71308845932896
2372,580.0109100529122
2373,5989.574564355206
2374,5939.941290273893
2375,23833.856218387136
2376,5162.643557032149
2377,6607.801662362706
2378,15511.93300884922
2379,859.9643250586909
2380,886.0311178848343
2381,5246.30854748519
2382,11677.153092579967
2383,1707.393489405722
2384,9740.109232331546
2385,2105.8890271878054
2386,576.3905426021932
2387,1830.059521234716
2388,942.9612144663606
2389,50.0
2390,1063.6237948345406
2391,1239.1963653377923
2392,1874.9389483225864
2393,1838.6558364336918
2394,1326.3642803380735
2395,1282.609518567707
2396,2452.423880451729
2397,1219.123576320544
2398,33412.20393824725
2399,3192.819262117971
2400,19321.866646422295
2401,387.6568209357926
2402,2530.732086163985
2403,7264.642066563441
2404,1133.903753320314
2405,50.0
2406,7418.273695418749
2407,3589.021797731586
2408,3035.9011737336546
2409,1892.1167614936376
2410,1679.4088646353366
2411,2569.9329932005157
2412,5262.4146582959
2413,4559.48914612474
2414,4197.561478851912
2415,5768.60879817019
2416,2248.015773361095
2417,2716.5641656104117
2418,32250.65838654311
2419,50.0
2420,7442.121711794142
2421,50.0
2422,2861.824386444157
2423,7192.325383388336
2424,50.0
2425,17807.40330309175
2426,2000.3497128617184
2427,10392.529338907094
2428,50.0
2429,1436.75895038841
2430,6051.121232769826
2431,6356.960138096119
2432,22258.345301037683
2433,952.8563669217561
2434,50.0
2435,33872.22681956833
2436,2973.5632109173966
2437,18979.37872333259
2438,468.60497533137897
2439,1128.3677547230634
2440,603.9756728188377
2441,6679.072638105962
2442,50.0
2443,1021.752987233782
2444,2729.354223236721
2445,1490.9242152075449
2446,420.4833595863328
2447,368.2540547506106
2448,954.9734176838513
2449,2671.1065652134444
2450,692.7847695669481
2451,50.0
2452,3509.6692793405005
2453,6711.890206502147
2454,11687.914011459457
2455,12116.639274878655
2456,2819.806929725378
2457,5467.280447767939
2458,2908.662429706562
2459,1474.1049095061037
2460,7693.3751464833185
2461,4116.006718932274
2462,3662.3182644689223
2463,50.0
2464,991.4944023103201
2465,2286.8207201647356
2466,10614.816850400419
2467,13971.291814254386
2468,973.9103087314212
2469,134.6876942916006
2470,1617.6573481401479
2471,16350.505961212497
2472,50.0
2473,5729.416166507748
2474,4756.398508047802
2475,30781.999778417565
2476,824.2432404611956
2477,1445.1595677644739
2478,2991.6371742163105
2479,15202.507307332073
2480,15040.878996943202
2481,3664.695818701774
2482,6189.352695293785
2483,2922.6076508442598
2484,9413.727367841022
2485,977.4149897281363
2486,50.0
2487,7010.132425051916
2488,1722.0804749066756
2489,3508.484168718508
2490,2358.9110392084967
2491,1457.1406382330686
2492,8521.968320560083
2493,2386.992006325655
2494,862.2110186966039
2495,2822.7706199985864
2496,4011.8149786963245
2497,8069.235180405357
2498,5837.771695495152
2499,5193.056334724995
2500,50.0
2501,2393.441399982093
2502,2386.01612631745
2503,2673.313118861875
2504,50.0
2505,667.2253794990324
2506,20483.357838865675
2507,50.0
2508,12776.093441132756
2509,1939.1842111701565
2510,2102.123733770547
2511,2589.736994379156
2512,2872.474834295837
2513,3257.8692734221513
2514,2755.2799389345114
2515,4904.26826872607
2516,2057.7114734299257
2517,3120.4448611472744
2518,4734.658204633955
2519,4809.88632532769
2520,4954.928749018716
2521,38731.46784913331
2522,11135.318096867893
2523,3221.6790647968933
2524,24744.786241972153
2525,50.0
2526,16149.449167882669
2527,11693.012997475893
2528,64.13274036317534
2529,13455.99784628696
2530,934.4187778785446
2531,1851.4345110954773
2532,1985.2860644924435
2533,1679.6388354764263
2534,4413.172779376546
2535,4786.4914076753485
2536,1437.374999577766
2537,2923.7538724890564
2538,21373.75333525118
2539,6747.569685095848
2540,1919.461108056642
2541,704.8082644202158
2542,856.0070098871371
2543,1514.470967420896
2544,6175.350954759278
2545,9196.284926405426
2546,1197.9633401539595
2547,11685.828494842022
2548,860.1523983859604
2549,829.0746387779986
2550,1099.6184240711214
2551,2877.5333570073717
2552,8588.505976900844
2553,1001.8473326751189
2554,1508.0604487614146
2555,1376.9628707709994
2556,7788.596080151119
2557,1652.136146930594
2558,2100.888169879397
2559,3350.6483196967847
2560,2668.3210473960044
2561,1484.1134604164367
2562,7134.5972881367325
2563,732.423175629464
2564,1052.3037944094303
2565,15125.05381800078
2566,7189.403203676216
2567,5721.062773650636
2568,16007.744091373741
2569,14468.478679838814
2570,1745.9049677262324
2571,833.2182719755596
2572,15603.270743860212
2573,50.0
2574,2924.0775265122675
2575,3290.955612438585
2576,1831.2990079970514
2577,8048.432466674449
2578,1496.744400678151
2579,20720.332987471465
2580,1648.657744562805
2581,3019.726494649937
2582,9310.440501692918
2583,50.0
2584,4462.31036376795
2585,2762.7649441352833
2586,12734.786648908334
2587,1919.659772749312
2588,50.0
2589,1829.754446961112
2590,73748.00250856663
2591,50.0
2592,18118.414531417908
2593,2752.178329727215
2594,1555.1573823493816
2595,2320.534787825842
2596,4164.375408990828
2597,1680.103526407304
2598,4030.430210388393
2599,50.0
2600,50.0
2601,11799.694016638627
2602,10183.108646053392
2603,15872.290667752835
2604,471.07389702042184
2605,50.0
2606,3977.029875975894
2607,6451.745874658594
2608,12082.939301244798
2609,13028.122467388092
2610,5376.924670177141
2611,16284.75725857909
2612,50.0
2613,9039.43603226323
2614,50.0
2615,12653.51906744265
2616,824.6492007648895
2617,57326.60370087156
2618,12974.945674335991
2619,50.0
2620,50.0
2621,343.0158059800928
2622,50.0
2623,4020.5588722815905
2624,1435.6051228456017
2625,6188.964644275378
2626,15349.173779903762
2627,440.4064571810309
2628,1000.622872127298
2629,712.1136718201416
2630,1095.602813841065
2631,6063.927541786165
2632,3165.9069349308534
2633,12039.388081822664
2634,8542.232717553094
2635,2499.6128872090826
2636,613.4473450136142
2637,2523.2308449550487
2638,1619.7807830244546
2639,8268.729157782756
2640,2457.4268015210428
2641,4969.03067628413
2642,3053.8025131027334
2643,1647.7417740870646
2644,3533.6433244262057
2645,3782.220319862722
2646,1126.1447358807711
2647,6375.354168170518
2648,2651.811975815222
2649,651.7686849859294
2650,35073.36611276717
2651,5503.824350451482
2652,2388.6638675207837
2653,1679.497236503073
2654,973.6031100927343
2655,3760.8783042815758
2656,5629.628050464159
2657,3249.156655363862
2658,50.0
2659,14116.898856795398
2660,4254.858521628297
2661,4047.0857619320745
2662,1811.3862595269898
2663,50.0
2664,1748.414815530859
2665,7829.79584282931
2666,2683.08785286261
2667,3969.882365100007
2668,111.00526249942345
2669,6319.121587023675
2670,2475.3084012511677
2671,4979.271191730431
2672,7824.127400741227
2673,14020.791936494277
2674,1971.2391917064338
2675,2761.802622144467
2676,1472.124655722454
2677,8591.298482765706
2678,5650.868937373267
2679,11381.321617257543
2680,1175.2258970055555
2681,445.32202897303887
2682,2058.5086438767057
2683,2055.976085252811
2684,614.2083677361708
2685,5115.862242162687
2686,9081.606285899807
2687,5114.583417836658
2688,2464.1422213269807
2689,2273.705699719643
2690,2221.1439222833856
2691,7321.397726865128
2692,4981.310747171278
2693,1688.9813796254766
2694,1736.4006444880963
2695,7314.2772319978585
2696,966.5664987495404
2697,2213.640560020165
2698,4000.404207938429
2699,1249.1504080044301
2700,2658.7919551652917
2701,588.5842821219985
2702,11876.294085548014
2703,50.0
2704,1875.5944055044974
2705,1236.2103981265232
2706,4284.037027284931
2707,3936.559731591957
2708,12841.26530622219
2709,20825.12389507439
2710,22993.0133303436
2711,721.5710901731493
2712,11171.77036943123
2713,5531.374163599677
2714,2399.3807765202378
2715,18373.330740774298
2716,7903.720087026807
2717,50.0
2718,1986.3840970756848
2719,10944.574222954785
2720,7041.824806903093
2721,26805.163618184975
2722,27788.509483447793
2723,2765.734971040203
2724,1151.9300466446025
2725,4666.895885561929
2726,3623.7327257543316
2727,3280.6833415294695
2728,19874.55628364551
2729,3027.489159082456
2730,3759.011011637327
2731,3398.265408241809
2732,1527.7285385663058
2733,1924.4637351376975
2734,7936.64826744819
2735,2114.439364618878
2736,19745.135195734987
2737,1259.4739734315017
2738,4885.618991001306
2739,9119.23319406967
2740,50.0
2741,22535.063785970968
2742,603.2722363164517
2743,5782.92235988806
2744,2301.3402933537513
2745,13301.498816890076
2746,3854.175708815587
2747,12570.369560339632
2748,50.0
2749,50.0
2750,7784.10230963907
2751,1787.5211757360116
2752,2824.169697172895
2753,1734.2182355606776
2754,877.3645333113122
2755,2817.4244680543943
2756,4713.246785490443
2757,2455.3837675672594
2758,805.1266029813227
2759,21578.253991348825
2760,1440.6757036687773
2761,2901.2850243282937
2762,50.0
2763,1662.2039280465153
2764,4550.997286083869
2765,15955.733184792562
2766,1420.9680744721147
2767,6141.740689103559
2768,1625.9044048870883
2769,4412.222214265826
2770,50.0
2771,1075.477373795208
2772,2364.986293303852
2773,26789.380153221082
2774,1454.9770338778346
2775,6530.798313232522
2776,619.9047010146578
2777,342.9982168577856
2778,2483.496401639712
2779,50.0
2780,8097.737375866991
2781,1338.6442784616447
2782,527.5581794070298
2783,6276.388735763428
2784,15608.983843886059
2785,5253.562774084555
2786,2884.611803433657
2787,1264.0106407669846
2788,2475.1734256095892
2789,6253.8773412786595
2790,19768.401082985278
2791,414.2290678693602
2792,18454.65533520666
2793,809.1200698542821
2794,18557.11776856356
2795,2701.541735877516
2796,13947.411159828986
2797,1482.7435265060963
2798,1278.6339685858998
2799,6389.252396765287
2800,5349.035656873624
2801,803.7558923160243
2802,4361.363599991851
2803,5940.689200725134
2804,50.0
2805,10181.851053105169
2806,4740.11781335843
2807,1091.0196752637287
2808,2093.979378282534
2809,13430.583470565129
2810,50.0
2811,17663.227445331726
2812,3300.067916118726
2813,2969.381750137829
2814,16362.695227089358
2815,4570.899061540355
2816,3028.4059378013803
2817,1050.7062589266998
2818,50.0
2819,50.0
2820,1887.554448947111
2821,8038.736400308901
2822,784.1482655235812
2823,10909.104501243488
2824,2632.0866957066933
2825,3272.1447716207067
2826,2866.339205757853
2827,3431.386163105866
2828,1229.9158180892662
2829,5203.516825495664
2830,19486.441772499238
2831,948.5223024423751
2832,9222.523564021805
2833,20627.87869522138
2834,9398.754031347715
2835,11411.974357619778
2836,18664.693538905445
2837,50.0
2838,6546.128480329518
2839,35016.06321419689
2840,2154.3992400724073
2841,2091.0010476396874
2842,12080.009328647533
2843,1992.9830070508422
2844,14105.448065984385
2845,1576.865528360296
2846,7769.589570859819
2847,16935.178409568394
2848,5227.346513143135
2849,3170.1861626320538
2850,50.96290111535149
2851,2081.571359217989
2852,7616.0728537600935
2853,1298.8868479509592
2854,1137.6069088067877
2855,8102.052459442913
2856,23513.298405979822
2857,13668.095883854106
2858,4479.796677257291
2859,13332.574693023233
2860,3044.7712663043417
2861,6249.419789290262
2862,870.3742884508856
2863,2102.523490584618
2864,3915.3998289884753
2865,50.0
2866,6209.319928991849
2867,23226.451103256786
2868,1041.1640825548386
2869,2671.18559626498
2870,9196.616296702927
2871,3877.7612138190575
2872,794.4262381868787
2873,4915.196175014036
2874,515.0628633367852
2875,680.7073422413728
2876,1798.2359112850695
2877,3704.190555360592
2878,50.0
2879,8459.395819699137
2880,1656.0008192110474
2881,3962.9792958051285
2882,562.6351415755133
2883,4261.5185450428135
2884,796.3801001327055
2885,1962.9180681218788
2886,4113.751873000093
2887,9497.52438794627
2888,3790.611972094428
2889,2168.64113570024
2890,7868.187336432295
2891,16925.110254317213
2892,1331.7686904286907
2893,1981.1586352357372
2894,23076.050796759377
2895,2577.669633969886
2896,3012.8994074627462
2897,5141.88943190657
2898,742.3377397171166
2899,54457.249913128304
2900,11224.808483146251
2901,2823.3810595351265
2902,9870.399441356181
2903,1616.9919515916777
2904,4466.6985574743085
2905,5836.5668219656445
2906,3874.6409187600993
2907,516.7535726271227
2908,21869.468468870087
2909,11219.044910870998
2910,3224.4697690353214
2911,785.2307516333967
2912,11102.867679098501
2913,7208.669719678719
2914,7957.186476992413
2915,2607.108247037818
2916,6232.159255572861
2917,6742.948960531647
2918,5769.371538135804
2919,50.0
2920,749.625942065585
2921,874.1998703335144
2922,50.0
2923,1264.5824803623243
2924,6696.7233962609325
2925,956.7341557455628
2926,1001.6140934410467
2927,598.6690610201491
2928,50.0
2929,1133.7462407735497
2930,2293.2247234266742
2931,1970.8599356748216
2932,24900.624059419602
2933,26032.41143974733
2934,6564.138995243537
2935,9402.086946079586
2936,10430.836546544857
2937,50.0
2938,390.0012303648923
2939,3488.6732310884527
2940,10357.519649920867
2941,1420.3686573804996
2942,2245.6259011337297
2943,3644.1495303097067
2944,3487.0328016225067
2945,248.65742650969855
2946,30113.988057091574
2947,2431.080916344994
2948,29778.538179202074
2949,5665.9247920910375
2950,1093.4793378910233
2951,1389.8897698863095
2952,937.8564148068235
2953,11280.41779595963
2954,1440.269079894672
2955,589.4145956076524
2956,50.0
2957,1855.993467000154
2958,11575.977166186833
2959,6621.04049940726
2960,2206.229887493813
2961,1052.5256820706472
2962,11827.433260368809
2963,3278.9435146836777
2964,50.0
2965,5890.0444076449585
2966,14240.229988204099
2967,14357.482941271364
2968,50.0
2969,11233.255386033648
2970,8723.819684481256
2971,5963.345391634009
2972,2026.3199250144842
2973,11268.07913752985
2974,6363.583942260772
2975,3796.9796649704417
2976,10028.90488085002
2977,3981.1728648013896
2978,23560.814477059608
2979,4018.8100741336198
2980,4082.5371406385393
2981,1348.9643954729645
2982,34649.37731185022
2983,8667.07110874325
2984,1944.6274469363423
2985,1164.3146171128096
2986,2724.940667368385
2987,19783.273843080977
2988,9102.379137476039
2989,6406.017078330069
2990,4642.408938925663
2991,6161.7138187482515
2992,10339.83099554564
2993,1261.5704916606132
2994,50.0
2995,6241.498702786885
2996,9261.459761920472
2997,10659.693256292774
2998,3433.9138128770223
2999,50.0
3000,6289.4521845733
3001,2055.37351783264
3002,17560.17900561147
3003,50.0
3004,1697.7067055603904
3005,3959.1667853598356
3006,9005.626489368973
3007,5540.67367363138
3008,1088.8034778589242
3009,3464.614673481146
3010,1118.4690961376577
3011,2414.9203141457365
3012,8673.134676209993
3013,40637.0936038924
3014,643.3179941396162
3015,16114.518760857976
3016,50.0
3017,823.5170192063075
3018,531.7452518117691
3019,32270.77384543657
3020,940.163933427007
3021,2537.326688747333
3022,22100.092566395266
3023,20382.39692730156
3024,2169.091940208865
3025,4416.16149767543
3026,2600.8278421320306
3027,38887.7219754486
3028,3058.5824463767044
3029,2231.5231793926764
3030,1823.6030828584082
3031,1216.3664049090924
3032,50.0
3033,3201.3447885738556
3034,1509.3582371438736
3035,28150.966566369636
3036,924.2613441551418
3037,1675.9028486174636
3038,9260.98618328023
3039,5417.470443619739
3040,2833.5059090132013
3041,738.482686305279
3042,1342.0289971875306
3043,7534.568440302259
3044,11184.813006299542
3045,1957.8089977768313
3046,2221.75053802955
3047,6917.859114846106
3048,2399.1479608898644
3049,2325.934081759422
3050,1896.4458590542977
3051,9159.668768354511
3052,833.8774883071846
3053,979.5812579123998
3054,1656.388484816382
3055,2714.598013596895
3056,2646.889305918734
3057,388.60722788146046
3058,4462.690281522396
3059,18554.206119398936
3060,20283.68961650112
3061,6762.289396141325
3062,8835.28461028266
3063,14452.801830263797
3064,234.8298617931792
3065,2292.0718699359973
3066,3931.6191464933077
3067,20168.031001699972
3068,50.0
3069,50.0
3070,7115.547628734211
3071,3790.842416071292
3072,11344.209571786454
3073,583.548797965121
3074,50.0
3075,11713.155487091635
3076,524.2897359129089
3077,10586.51830175509
3078,1723.4344932728222
3079,2532.9382714947315
3080,3568.819035939279
3081,2633.5715455231075
3082,50.0
3083,6318.641700653108
3084,12909.119397201757
3085,9233.296193288215
3086,50.0
3087,7882.253611490541
3088,853.1834892706032
3089,4969.743893253939
3090,7112.121229881007
3091,26834.72072760585
3092,1371.7714479566657
3093,1273.8948068656157
3094,10564.524295933263
3095,50.0
3096,3249.9608047811544
3097,1952.012681570531
3098,1618.4509743871554
3099,635.4942103818574
3100,1609.2879302184156
3101,3965.051739278682
3102,3177.35593827201
3103,50.0
3104,50.0
3105,19462.502877418032
3106,1698.1537259272848
3107,3820.0784827935554
3108,6025.071210788703
3109,13281.873412024152
3110,666.9409944670764
3111,50.0
3112,555.1102708786541
3113,723.8176518939813
3114,7005.366901009444
3115,2599.3908841187977
3116,2010.128658096978
3117,12308.245799049053
3118,889.8025854562935
3119,17214.00432824458
3120,1002.9777383173291
3121,10979.474363094974
3122,581.0617918719904
3123,6129.218521228532
3124,9998.943586698491
3125,1316.071721590494
3126,5638.273749740173
3127,31462.55725927822
3128,50.0
3129,1820.3395720799213
3130,2846.2064227950586
3131,2579.595143344165
3132,1208.7497089983892
3133,6417.075170626719
3134,9758.111674963022
3135,960.7327737586818
3136,8822.111714418395
3137,9234.665426248379
3138,1004.9558646650297
3139,23774.300444119024
3140,4677.5721458904345
3141,1549.3984166620203
3142,2758.545766566253
3143,4111.041846905724
3144,12439.999218318368
3145,4798.113553947351
3146,673.8002962938734
3147,2476.6415552395147
3148,7117.624080735489
3149,1072.7944842719412
3150,6580.626828111294
3151,2833.30465035719
3152,8456.954379847157
3153,8269.471392144269
3154,11172.47686568721
3155,15028.266930218571
3156,2741.206925476544
3157,2027.6009926797838
3158,1278.6694618280435
3159,22842.59268742656
3160,14679.7948368892
3161,914.8930407540597
3162,415.3664262756156
3163,832.2710477077377
3164,2843.4933207762015
3165,4050.345159797751
3166,928.2650622353844
3167,620.3653556530786
3168,51.56098366175724
3169,1376.1363257716628
3170,1239.3926866791808
3171,15826.61596921446
3172,50.0
3173,2084.8796019447286
3174,2208.302663191323
3175,5194.074532097105
3176,9040.907023377918
3177,1171.5917582191123
3178,3957.088078962583
3179,27929.50905699482
3180,819.741891096342
3181,584.3786349796039
3182,27345.772982435097
3183,420.26839834065817
3184,6028.881656985102
3185,9535.725514320788
3186,884.9066993653644
3187,7396.767456443398
3188,1156.4100417878274
3189,5948.373622919765
3190,1448.831930912553
3191,1181.9561603788381
3192,817.3663274697668
3193,85.93407069353769
3194,18787.572378996665
3195,4117.891123448408
3196,500.15375844715174
3197,1724.9538050514918
3198,5691.371157742795
3199,6630.012778675508
3200,8978.833836734186
3201,932.9360331598784
3202,5922.663683356143
3203,16450.092280132834
3204,925.970257810006
3205,849.5646307028165
3206,1653.321194077353
3207,17222.357401557903
3208,11231.849844199814
3209,17618.213806659096
3210,10657.557658432064
3211,50.0
3212,1844.5254070628864
3213,739.5667914013735
3214,20835.947506981203
3215,22577.679432760553
3216,14688.724506899915
3217,2727.7376398964275
3218,50.0
3219,1196.3917218232834
3220,189.31509778736913
3221,5852.54891143444
3222,1843.4033001383432
3223,1476.455199048251
3224,9329.820607802525
3225,6613.330814430322
3226,3123.8490014203753
3227,160.4838064287117
3228,2627.1135676962576
3229,3218.5497343731113
3230,50.0
3231,6472.474556308557
3232,3114.858036987527
3233,807.5627568089334
3234,50.0
3235,10734.83991224994
3236,2538.88878359609
3237,20909.209911905098
3238,37205.33272103428
3239,8898.720994662172
3240,3712.9725897391663
3241,15194.932345890129
3242,1584.1285286226669
3243,50.0
3244,30929.861937884325
3245,6050.717074394853
3246,635.4081226507677
3247,1429.0654600176745
3248,1050.1176718882066
3249,3685.721789939662
3250,7831.177283954904
3251,7968.194363260266
3252,8952.075385564909
3253,2399.8660101959517
3254,876.7695329153389
3255,10122.56216534396
3256,2254.5465345505795
3257,630.2925178996389
3258,9170.495908739998
3259,3890.0303819952524
3260,50.0
3261,18296.765975459126
3262,1645.9020683432398
3263,8633.069212244613
3264,769.9092877092934
3265,593.8193452209632
3266,3486.079739719987
3267,12041.507395806397
3268,1617.806757446219
3269,1344.7176991388167
3270,827.6348333796403
3271,24638.597639081265
3272,24943.21513132297
3273,4386.133951841702
3274,1047.4485624195827
3275,7113.976938584808
3276,1955.3336083189176
3277,4147.8702226028745
3278,1875.8832297640904
3279,4019.23236556368
3280,2617.820430677332
3281,1929.3804748098514
3282,1207.1598384474887
3283,412.4007539367481
3284,3195.147849672852
3285,12592.379448080374
3286,1702.7297550394412
3287,11463.721048606323
3288,50.0
3289,957.3401587131581
3290,20734.04674119074
3291,10800.2540559003
3292,721.1396475482384
3293,13491.267425287537
3294,1505.608023399636
3295,2887.719497005414
3296,2469.524844275589
3297,1832.8386869801311
3298,2263.3220583644934
3299,2258.4581076153004
3300,6851.685199988234
3301,21981.331249983676
3302,1948.478325162908
3303,915.5719224424568
3304,5942.532600434501
3305,50.0
3306,2556.2766078717646
3307,740.6780835691247
3308,26212.643300634216
3309,2309.410081936406
3310,2291.22125208838
3311,2882.987989022456
3312,2722.448852288146
3313,6630.685175058982
3314,1739.0644565269708
3315,522.8730187295049
3316,953.5601918842318
3317,2268.2958922630773
3318,3628.558791093226
3319,2272.518118058787
3320,19789.38039808454
3321,7589.952530732182
3322,1462.7655970128906
3323,2161.9104706385046
3324,2617.2202908456484
3325,12441.060221934436
3326,2025.6697076032594
3327,2649.6596542120215
3328,819.4656126756724
3329,636.1148449302631
3330,1799.1133832373516
3331,1760.150873177156
3332,9149.46553421807
3333,4415.59069052615
3334,50.0
3335,4898.452277018583
3336,692.9365985810189
3337,1584.3614919927863
3338,2777.010761772548
3339,7705.2554618409895
3340,2457.4508863163564
3341,15567.529667094459
3342,19000.24145763315
3343,3457.7853337577385
3344,1379.731136458237
3345,12030.43912380986
3346,1606.6306860961051
3347,96.78323088494807
3348,7858.860487799569
3349,1557.1812667058493
3350,8543.655566995809
3351,1004.3404684816237
3352,775.1309502615082
3353,50.0
3354,964.9041960711608
3355,2642.500274735277
3356,4281.66155811474
3357,1816.4800298026812
3358,2388.1359147937715
3359,4419.366202487811
3360,7889.825734740172
3361,7637.577712516213
3362,2854.1587544883173
3363,3152.1274308381153
3364,17505.18151983965
3365,14324.061729345125
3366,2079.323375996015
3367,50.0
3368,1467.9991980443428
3369,7721.75575574154
3370,1076.261931254887
3371,456.59454374396057
3372,4192.440834212659
3373,50.0
3374,642.8107893691825
3375,1017.9818717767847
3376,5568.8232951089485
3377,27361.638580544542
3378,636.5867718881814
3379,2296.8007799617403
3380,1342.873702367426
3381,2607.0354014832565
3382,1574.2060981312547
3383,10587.723957256854
3384,923.558144827604
3385,50.0
3386,5709.75442190974
3387,805.6147655695661
3388,50.0
3389,2027.9475966601658
3390,3257.7346835374483
3391,5541.862408506449
3392,3055.626201234641
3393,50.0
3394,645.804634196725
3395,2678.9459817430957
3396,4974.617012103133
3397,586.5206281583255
3398,12090.207952039713
3399,8561.196843732332
3400,356.7613875468649
3401,314.01396394916077
3402,911.4878066539028
3403,4434.598599607387
3404,50.0
3405,3214.9843969242243
3406,14803.413818199122
3407,1303.4011545545586
3408,661.7030311727068
3409,36473.75661928192
3410,21962.356769485337
3411,2825.027968978805
3412,10964.567179047392
3413,24995.226508411753
3414,920.8805801330136
3415,18864.274020084416
3416,8428.448951822567
3417,12440.82367258909
3418,50.0
3419,6658.000320693389
3420,7740.573958890897
3421,838.4341547466684
3422,983.0965837793063
3423,3326.6590661796854
3424,1312.5624575207241
3425,1537.2770832287868
3426,50.0
3427,2857.982631018531
3428,7847.2628213734615
3429,1580.1607635506641
3430,613.5282818853744
3431,2724.7490738807887
3432,4134.224993275784
3433,717.6369815409594
3434,3969.4139802855343
3435,1775.857732800529
3436,9673.133656423874
3437,50.0
3438,6407.038337463462
3439,1868.3702812663764
3440,5341.9297547419765
3441,2658.4566957278503
3442,735.2763068267944
3443,3563.886902865058
3444,2678.6461318155693
3445,496.4847348262221
3446,861.2994682990083
3447,13400.196886060563
3448,5828.62620407868
3449,8178.099929170901
3450,1340.0927931331255
3451,26007.153560477032
3452,5569.623977391853
3453,520.7400978763014
3454,1216.7346584372651
3455,1193.8636376200432
3456,2738.8337853464377
3457,14097.96949011703
3458,50.0
3459,1071.3366487663388
3460,1425.432374026813
3461,50.0
3462,15315.678985312923
3463,606.6799658900426
3464,7780.95483385043
3465,4325.221055733868
3466,12812.354650863655
3467,9623.461353535167
3468,15752.57428543967
3469,1091.4487700377326
3470,600.4183055464191
3471,17843.272579118533
3472,11576.708695399713
3473,50.0
3474,1934.3791443164023
3475,2042.9041108463568
3476,5118.183910909439
3477,50.0
3478,12459.306828717492
3479,2663.1949721463993
3480,1521.7871890138504
3481,2398.404823138477
3482,30034.671404259905
3483,2930.0514373474016
3484,470.5344970161477
3485,1641.2087085905712
3486,8252.417021545029
3487,2595.551358192188
3488,2823.2603485692075
3489,809.8868305239328
3490,8004.373714720209
3491,2249.255410388034
3492,50.0
3493,1511.2187246601154
3494,2839.518297237269
3495,5886.698569957252
3496,3202.840277058772
3497,1147.6368008595268
3498,11176.97154126139
3499,2032.1143930023645
3500,6662.116725988944
3501,31314.2487901327
3502,6303.536006367465
3503,1868.8529028472205
3504,50.0
3505,50.0
3506,50.0
3507,50.0
3508,13345.809294957035
3509,50.0
3510,8080.96448768403
3511,11377.858597473743
3512,993.2684756489202
3513,3904.330994060092
3514,1949.0467018329914
3515,50.0
3516,2743.2422382726068
3517,18995.912459674866
3518,4627.360513186832
3519,2798.150650122049
3520,1485.3395557705478
3521,3930.876387936923
3522,14193.521766437016
3523,3441.389285087599
3524,50.0
3525,9598.905066155561
3526,8839.692022917261
3527,889.3893046526587
3528,1576.228012956828
3529,1523.2646886450768
3530,1894.0211697393606
3531,4140.8153542989685
3532,50.0
3533,11539.863186879986
3534,199.30360437266555
3535,9648.665702426515
3536,13693.99225885913
3537,1196.2474026187017
3538,11367.547577084542
3539,6627.6835206890355
3540,1883.19607296694
3541,699.1141619320673
3542,50.0
3543,2026.0998562629095
3544,2516.2180461996036
3545,17739.933399910027
3546,4051.4954838374956
3547,620.774595562367
3548,4898.218025086815
3549,15883.12094968348
3550,17721.61903764408
3551,7370.915387727161
3552,6890.173112475281
3553,3871.76618826524
3554,979.4110213769986
3555,50.0
3556,5460.661786869128
3557,4804.33964586801
3558,2559.3581686465645
3559,3464.76877305911
3560,1047.3762933953694
3561,2120.5613075392457
3562,1609.5692317029163
3563,1955.5387685827259
3564,897.7643412019457
3565,595.3732573917023
3566,50.0
3567,856.9599418541142
3568,4119.415269848595
3569,5319.643460277163
3570,50.0
3571,2110.0367520749305
3572,376.29406881167574
3573,7453.86016462257
3574,780.097508977325
3575,2278.469081476843
3576,2576.6414887935744
3577,7337.126600718599
3578,9704.89372054792
3579,7601.598486166079
3580,31698.638930848043
3581,1285.2696551334682
3582,1652.1613041798198
3583,653.4790879267847
3584,3718.9174430214116
3585,2675.6538236488523
3586,1014.4614069085476
3587,2368.7527861053986
3588,7210.7995605755505
3589,15708.280479651507
3590,1529.4496661248218
3591,15883.269660800857
3592,2237.4595230456416
3593,2541.022034327166
3594,1131.9376822491856
3595,9094.955176393874
3596,1745.361935128138
3597,1928.0128602844381
3598,1220.4110201256974
3599,2320.8543906284326
3600,3516.682710777273
3601,4356.436586527843
3602,2116.315601392474
3603,2207.75107160534
3604,1642.3870583531216
3605,467.7042882032383
3606,2642.4447320454224
3607,50.0
3608,1525.8479517037727
3609,14732.56500299944
3610,1512.3130164867234
3611,2612.9018928719156
3612,29019.867966370508
3613,50.0
3614,1106.2632868041862
3615,50.0
3616,3261.248927269321
3617,15786.932667224211
3618,15785.838011132295
3619,6802.64709743515
3620,9652.093998616752
3621,4854.864037437386
3622,1884.9711712479161
3623,781.8071067366744
3624,633.3716439867555
3625,50.0
3626,13466.563377939558
3627,1976.5517965244894
3628,977.9792871425627
3629,501.3371668698942
3630,1032.3384414779596
3631,3097.3650325856033
3632,3595.3624648891737
3633,6771.4098980619
3634,501.54111382119305
3635,4222.938307602226
3636,679.103823777546
3637,4058.571477820834
3638,717.5428184142372
3639,2835.708329679138
3640,4848.91479232843
3641,2861.0020632580818
3642,8516.06311757652
3643,2349.9201282668378
3644,13946.186027573563
3645,23743.09002609415
3646,450.2695843964812
3647,3920.3845393412557
3648,5283.857162826509
3649,1807.4097053830803
3650,706.4234176041798
3651,1479.380563839528
3652,5491.794209590747
3653,18431.990249413167
3654,2689.005134231247
3655,8105.9272051425905
3656,8442.638562901839
3657,5706.213457274807
3658,7961.712423547181
3659,4969.429823088369
3660,4203.44368164998
3661,2486.0993047090165
3662,5897.627067742072
3663,1957.8306985538306
3664,822.474558131365
3665,2256.124415945746
3666,9740.639612557132
3667,5839.388325050205
3668,797.7009665316342
3669,50.0
3670,5384.211184880899
3671,15048.069806748863
3672,3014.855075415328
3673,12602.842391324195
3674,14438.944971661977
3675,4637.935345241262
3676,899.1105692612396
3677,50.0
3678,2371.125671445051
3679,50.0
3680,1646.607614237665
3681,1119.7056195988148
3682,689.3419633229809
3683,1627.098519862938
3684,5654.934098694709
3685,439.6871834779289
3686,6262.686471689291
3687,18173.1787045747
3688,3077.8472963971826
3689,159.70030066297477
3690,50.0
3691,13734.107812784296
3692,3872.55768345703
3693,50.0
3694,2118.3932569127824
3695,1006.8494631895687
3696,1394.7757668579168
3697,50.0
3698,4244.36656993742
3699,1096.310194819552
3700,1324.876080916902
3701,4072.4992432324416
3702,1908.474078137938
3703,3256.622518668744
3704,648.4531471557059
3705,4130.160158578287
3706,14280.841372242154
3707,6813.2486830130465
3708,3331.073578211824
3709,971.0982995561765
3710,5400.868909333972
3711,6254.424450794144
3712,1772.9287326633626
3713,10956.135490160137
3714,1903.7423841239493
3715,2127.537896177619
3716,6971.953982846819
3717,2623.0672104103623
3718,6842.141871546294
3719,993.3039452716446
3720,50.0
3721,3064.049319114091
3722,8039.406004321847
3723,2942.02286765793
3724,50.0
3725,19133.05781678729
3726,50.0
3727,3283.4479597651903
3728,17508.49687006592
3729,3640.4425227025285
3730,593.5957596835391
3731,14150.022747459763
3732,12056.783498642078
3733,1586.1071005575732
3734,2947.7423176369025
3735,3315.5504029180856
3736,11402.817612828972
3737,3950.516784037147
3738,1937.6250495817483
3739,6313.6384432268505
3740,1750.415642007948
3741,50.0
3742,4458.963810059634
3743,754.7649118070494
3744,50.0
3745,14027.766023697193
3746,50.0
3747,28638.959354114828
3748,923.1530969255908
3749,551.959917128302
3750,976.9039652342562
3751,6042.913377659345
3752,2292.102438872659
3753,50.0
3754,326.96088724020547
3755,50.0
3756,22046.673604906293
3757,2862.7302208328724
3758,4006.2938263812016
3759,2009.2734092348828
3760,2754.5974189159156
3761,1105.2132178012578
3762,2043.129517251446
3763,1060.561662763858
3764,12833.8167295413
3765,16041.088193423959
3766,374.586174988016
3767,7637.308117893275
3768,18894.2433004735
3769,50.0
3770,1771.3522331250933
3771,2961.5507571332196
3772,2000.269610581429
3773,1483.9266291395886
3774,6417.41749068141
3775,1230.9655010193503
3776,1006.6845629831223
3777,13607.16384203498
3778,1087.9533241277206
3779,2039.6398069105658
3780,6772.032527505015
3781,41800.602542178676
3782,1235.3330435740784
3783,17753.25903546401
3784,43752.10044324303
3785,12778.071411683364
3786,6755.706478259748
3787,36659.727460009446
3788,1794.8490837440127
3789,2572.598881859048
3790,599.9878998697278
3791,500.52226230921707
3792,267.7676091643931
3793,3147.54784308371
3794,10097.605642064107
3795,1787.1613294950123
3796,2080.419079110586
3797,15992.592672995683
3798,921.4957034931595
3799,17358.176116989427
3800,717.0549744994972
3801,18363.289240117843
3802,2481.4944882032837
3803,50.0
3804,20340.02566807134
3805,8451.195193110885
3806,31923.531241669534
3807,8153.894985869761
3808,496.6542469247412
3809,50.0
3810,9209.80612695677
3811,15391.5080856012
3812,50.0
3813,50.0
3814,2689.9748563459952
3815,1198.6165592418458
3816,2302.5044232320683
3817,18334.18549029176
3818,12365.997345379583
3819,3604.48235820554
3820,12760.37654883665
3821,3308.108667852982
3822,4997.70293776426
3823,50.0
3824,50.0
3825,13621.412627416366
3826,10276.639841462133
3827,6193.678988213152
3828,2577.7575339392133
3829,4720.329889015525
3830,12855.528873573241
3831,14336.647259285697
3832,1070.8383511547374
3833,4108.522468044431
3834,3107.506432920647
3835,3630.850438958309
3836,681.2249391788916
3837,2814.9159290405905
3838,3342.823021332633
3839,189.27560009210794
3840,2209.730151517253
3841,979.4233607481455
3842,1523.7682433718824
3843,588.8358023204576
3844,6033.032470062101
3845,12141.298386167527
3846,1428.480770986729
3847,15462.384890716166
3848,7289.683746401879
3849,853.9529423482101
3850,15894.984707338715
3851,3578.9600572611453
3852,1295.834526833611
3853,20644.067408434643
3854,845.8876182402595
3855,8427.439442167693
3856,331.1500022765125
3857,2735.667507221797
3858,870.0279058979586
3859,1853.533071691938
3860,1779.581824528421
3861,2511.577246488676
3862,3776.226229454873
3863,847.3456717904916
3864,2450.426820440282
3865,3269.4164665837316
3866,11019.937326330102
3867,2555.777240237077
3868,2235.3714797623297
3869,4229.170592377286
3870,2124.3653830239136
3871,13833.98322314973
3872,14058.944632391564
3873,50.0
3874,9620.664013299183
3875,10974.54924775596
3876,851.7613865489509
3877,13475.195557478206
3878,50.0
3879,13326.218890491707
3880,2811.8668875463454
3881,15035.43964382388
3882,1074.3725975613474
3883,360.6671188432362
3884,18452.198236435164
3885,50.0
3886,709.6034661704679
3887,11360.099752492964
3888,14325.146074280365
3889,10502.656558749957
3890,969.7437577421653
3891,2172.174596055366
3892,7344.006553459432
3893,20353.8381409904
3894,15709.408189833266
3895,38889.9333738675
3896,6062.46847987602
3897,2247.9373337878033
3898,2012.7699525778169
3899,2109.6681880208657
3900,50.0
3901,1143.2379979469613
3902,50.0
3903,18760.355196427292
3904,4121.132440555263
3905,8783.137029118054
3906,4834.096914314729
3907,932.7065115933522
3908,6463.717788927338
3909,884.7879929375625
3910,2484.0450079822094
3911,4230.302254987077
3912,1281.397036329065
3913,4261.266884010561
3914,6142.634299151228
3915,1171.4075874279429
3916,1671.7803590721928
3917,50.0
3918,50.0
3919,19060.130332421064
3920,5843.780720329941
3921,3119.7304486411813
3922,11201.173292986994
3923,50.0
3924,8708.229596477691
3925,1046.5192438901945
3926,3878.0842441261484
3927,3487.7789114146376
3928,1247.4538996233778
3929,50.0
3930,10819.380026763101
3931,20395.821925761982
3932,50.0
3933,4395.104835315106
3934,7838.8118230243
3935,9305.92227964351
3936,16818.136734578973
3937,4508.178857503806
3938,883.6129288136185
3939,7176.87484423805
3940,50.0
3941,9279.098070078824
3942,718.1363088234176
3943,1367.8414959212462
3944,1505.6421786609305
3945,302.92009717974196
3946,1452.4761211355192
3947,8190.707096938754
3948,1547.496070053876
3949,3597.9374723133574
3950,13915.503560556735
3951,5131.381085427434
3952,50.0
3953,8247.3755179655
3954,2613.4311935440237
3955,2784.2674674058558
3956,8836.39673799279
3957,2540.3787736334816
3958,3542.9116465574302
3959,9133.812817178381
3960,1172.903188429121
3961,2215.3535188669175
3962,581.698108259736
3963,6175.849690702735
3964,5151.837837729255
3965,243.40578737092804
3966,4518.355687748136
3967,3666.187419157398
3968,13668.848851606199
3969,50.0
3970,638.3050171662805
3971,1395.6835592558173
3972,50.0
3973,12392.382739653836
3974,10131.484547549748
3975,10396.864865831109
3976,8049.198317821939
3977,5591.292722117352
3978,2026.463131872487
3979,50.0
3980,2561.6454778473376
3981,10842.45517350623
3982,1957.4759421642325
3983,2573.2574794617035
3984,6409.696757700648
3985,2600.6201348634318
3986,1159.6819641183029
3987,1767.0476082564805
3988,50.0
3989,1813.4870321231417
3990,5397.866396523843
3991,4072.535137567238
3992,6772.794941184829
3993,1215.598471284732
3994,9405.86825084079
3995,50.0
3996,7116.067634851054
3997,13604.911469995714
3998,1526.7899311456458
3999,337.38411763693875
